text,label
"Two managed lanes in each direction will be added to the freeway between the Sam Houston Tollway and U.S. 59 south of the city's central business district. Planners recommend moving I-45 to the east side of the city's core, a change that an analysis suggests could increase downtown freeway speeds. Officials called it a once-in-a-lifetime change that would increase mobility and improve the city center.

""After having those freeways in the city for the better part of 70 years, it's challenging and exciting to have the opportunity to come back and reshape how they fit,"" said Bob Eury, executive director of the Houston Downtown Management District.

The first of three public meetings this month is scheduled for Thursday night, 5:30 to 7:30, at Aldine Ninth Grade School, 10650 North Freeway.

Residents and businesses will get their first detailed look at the plans. In 2013, when neighborhood leaders got a look at early versions, some feared the reconstruction would leave a big scar across their communities.

""I am really looking with dreaded anticipation for what they are going to propose,"" said Jim Weston, president of the I-45 coalition, a group of residents tracking the freeway project. ""There's a lot of engineering and lots of questions about the design that really, I feel, TxDOT hasn't answered.""

Remaking I-45 will take years, with public meetings and more detailed analysis remaining. Officials said it is too early to pinpoint an exact cost, but transportation officials predict all of the work will cost ""north of $6 billion,"" said Quincy Allen, district engineer for TxDOT's Houston office.

The final cost will be determined by when officials can start construction, likely in phases starting in downtown after 2017. The central business district parts of the plan alone will cost about $3 billion.

Much of that cost comes from moving the freeway. Eventually, I-45 will move from the west side of downtown and follow the same route U.S. 59 does now east of the George R. Brown Convention Center, according to the plans. The two freeways will split where they now cross near Pierce Street.

Perhaps just as importantly, transportation officials are designing segments of the new or combined freeways as depressed roadways, meaning local street traffic flows above them, similar to U.S. 59 west of Spur 527. East of the convention center and between Cavalcade and Quitman streets, the space above the freeways could be developed as open green space or a park-like setting.

Pierce Elevated out

Moving the freeway means the segment of I-45 commonly called the Pierce Elevated will come down, eliminating what some consider a major barrier - real or symbolic - in downtown Houston. Opening up that space would create opportunities for new development, said City Councilman Ed Gonzales.

As Midtown and the central business district grow - especially with more residences - tying the neighborhoods closer together is made easier when barriers to walking and biking, such as the Pierce Elevated, are removed, Eury said.

The same applies along the east side of downtown, he said, where TxDOT is designing I-45 and U.S. 59 as depressed freeways.

There is, however, an argument for turning the Pierce into a biking and walking corridor. Two proposals posted online advocate turning the Pierce into an elevated pedestrian space, akin to what other cities have done with rail lines and overpasses.

""It would be among the most distinctive recreation trails in the United States,"" said Oscar Slotboom, author of a book on Houston's freeways and their history.

A separate plan, called Pierce Skypark, keeps the elevated features but redesigns them into similar walking and biking trails, with many architectural features.

Backers of the plan note the Pierce is three times larger than New York City's popular High Line.

After years of discussion and talks with local leaders and neighborhood groups, TxDOT leaders in Houston said they believe the plan is crucial to easing congestion not only along I-45 but on other major freeways that connect with it. It incorporates many features residents said were vital, the officials said.

'A tremendous fix'

""This is a tremendous fix,"" said Allen, the top TxDOT official in Houston. ""I really like this plan, and I think it gives us certainly what we need.""

Broken into three segments - the Sam Houston Tollway to Loop 610, loop to Interstate 10 and I-10 to U.S. 59 - the portions of I-45 rank 11th, ninth and 16th on the Texas A&M Transportation Institute's most congested highways in Texas. Nearby segments of I-10, U.S. 59 and Texas 288 also rank in the top 30 of the most-congested list.

Analysis of the changes showed average freeway speeds along the reconfigured area would improve by 35 percent, with trips in the morning peak increasing 24 mph.

""We've never had numbers like that,"" Allen said.

Much of the improvement comes from subtle changes to how the freeways connect to one another. By removing some of the chokepoints and smoothing connections while moving I-45, officials believe traffic can move faster. This extends the project's significance beyond the immediately affected neighborhoods, officials said.

""I-45 is a strategic corridor linking the half-trillion-dollar regional economy of our region to the almost equally large regional economy of Dallas/Fort Worth,"" Texas Transportation Commissioner member Jeff Moseley said. ""Texas' future is directly dependent on these regions supporting each other in the movement of goods and services.""

Plans and impacts vary

The first test of the proposal will come when the hundreds of organizations and agencies - many with various priorities - pick through the plans.

In the northernmost areas - mostly bordered by commercial properties - it is a simple, though massive, widening project. Officials plan to add a frontage road lane in each direction, taking additional right of way on the west side from the tollway to Airline Drive, then shifting to add property east of the freeway from Airline to Loop 610.

Within Loop 610, the freeway will be widened and remain above most local streets, south to Cavalcade. Between 10 feet and 80 feet of additional right of way will be acquired to add the managed lanes, shoulders and bike and pedestrian amenities along the frontage roads.

Besides moving the entire freeway downtown, the most dramatic changes drivers can expect to see will be between Cavalcade and I-10, where planners propose sinking the lanes and building two-lane frontage roads and sidewalks in each direction atop the freeway.

Weston, the I-45 coalition member, lives two streets from the freeway and said he and his neighbors want to keep that distance. A plan that lowers the freeway to reduce noise and light - similar to how U.S. 59 is depressed west of Spur 527 - would receive cautious community support, he said.

""I think people will be resigned to accept that because that is within the framework,"" he said. ""The main criteria is they stay in the right of way.""

Allen said the depressed portions of the freeway will be designed so they can be covered and converted to green space, similar to how officials developed Klyde Warren Park above Spur 366 in downtown Dallas.

The park, considered by some the heart of downtown, is a three-block space over the freeway with amenities ranging from a performance space and dog park to ping-pong tables, a restaurant and Internet access.

The park was a partnership that relied heavily on a the formation of a nonprofit to operate and manage it.

A similar initiative or agency would have to partner with TxDOT for any capping north or east of the central business district, Allen said.

That cooperation, and further discussions, will happen over the next few months or years.",Positive
"The agreement immediately lifts the federal pause placed on the project on March 8, 2021, and resolves the audit conducted by federal officials related to TxDOT’s adherence to federal environmental rules.

""This agreement moves forward an important project, responds to community concerns, and improves (I-45) in ways that will make a real difference in people's lives. Through this agreement the community will have a greater voice in the design and throughout the project's life cycle,"" said Federal Highway Administrator Shailen Bhatt in a statement.

Rep. Sheila Jackson Lee, D-Houston, who pressed TxDOT to communicate more with the community and take air quality and housing loss concerns seriously, welcomed the announcement.

""We are not where we absolutely wanted to be, but we are not where we were,"" Jackson Lee said, crediting local officials for demanding changes and TxDOT for eventually offering solutions. ""We are much further along than we ever could have been, and that is the power of the federal government. The community was not listened to, and I applaud the complaints that have been listened to have led us to this agreement.""

The effect of the agreement and lifting of any restrictions means the project can remain on track for significant work to begin in 2027, and result in changes to the current designs or the application of more modern flood control standards along the route.

In a statement, Mayor Sylvester Turner said the freeway rebuild ""can now be the project Houston deserves it to be,"" because it improves drainage in neighborhoods ""while maximizing the opportunities for people to stay in their homes and neighborhoods.""

Unlike the agreements with the city and county, the deal reached with federal officials holds TxDOT to both oversight and enforcement of many of the specifics. As part of the agreement, TxDOT will:

conduct twice-annual public meetings during development and construction, expected to take more than a decade, to update the community on the progress and plans for detours during construction.
add another $3 million to the $27 million TxDOT already committed to help the Houston Housing Authority develop new affordable housing opportunities, mirroring the promise TxDOT previously made to the city.
commit $1.5 million to create parks and trails, in particular to replace park space near the Kelly Village public housing complex.
support the creation of the Emancipation National Historic Trail, a proposed federally-sponsored historical route chronicling the journey of freed slaves from Galveston to Houston, including trail links and planning for historical displays along the footprint of I-45.
coordinate detours near two Houston Independent School District schools to take students' bicycle and pedestrian routes into account during construction

Longtime skeptics of the project, however, said they fear the promises of partnership will erode as TxDOT proceeds.

""They are doing what federal agencies do, using the term enforcement when historically we have seen no follow-through,"" said Joetta Stevenson, president of Houston's Super-neighborhood 55 and one of those who had accused TxDOT of skirting federal civil rights laws, prompting the review by FHWA. ""Trust has been broken for generations, and by signing off on the choices of the state, only enforcing after harm has been done, they continue a painful legacy. So far, I see no tangible changes that don’t rely on TxDOT’s good faith participation.""

In a statement the group formed to oppose the project, Stop TxDOT I-45, said ""Houston deserves a project that prioritizes safety, centers the lived experience of those most impacted by the project, actually relieves traffic, and moves us toward a more equitable future. We will not stop fighting for our city and our lives.""

Air Alliance Houston and LINKHouston, which have advocated for sweeping changes to the plans, said they were reviewing the details but initially indicated the details alone leave the project short of expectations.

""While we hoped the federal government would maximize its leverage over TxDOT to push for a more equitable project, we are encouraged to see that the Federal Highway Administration will hold TxDOT accountable in ways that the City of Houston and Harris County memorandums of understanding could not,"" LINKHouston Executive Director Gabe Cazares said.

Parts of the agreement commit TxDOT to elements that are less specific, for now, but eventually could have sweeping effects on the communities impacted by the freeway. TxDOT has agreed to re-evaluate drainage studies for the freeway rebuild to reflect ATLAS-14, the national rainfall analysis released by the National Oceanic and Atmospheric Administration in 2018 that places more of Houston in areas at flood risk. TxDOT already had agreed to do this as part of its agreements with the city and county. The change potentially could mean more flood control, such as detention ponds or channels for neighborhoods near the freeway.

“This portion of I-45 was built in stages in the 1950s and 1960s. and the design remained essentially the same while the area population has doubled,” said Marc Williams, TxDOT's executive director, in a statement. “The reconstruction of I-45 will address mobility needs for people and freight, while also improving safety.""

Meanwhile the federal agreement builds on the county and city deals by requiring TxDOT to try to reduce the planned footprint of the freeway, and also design portions of the freeway that can be capped by greenspace, transit or other amenities to help restitch communities divided by the growing highway.

""Many of the commitments TxDOT made to the county and the city are now subject to federal government monitoring and enforcement throughout the project's design and construction,"" Harris County Attorney Christian Menefee said.

State highway officials, especially after Houston and Harris County balked at the final design, went to unprecedented lengths to address concerns while also building largely what always was intended: A wider I-45 that added two managed lanes in each direction into downtown from the north, while redoing drainage along the roughly 12-mile route. Another eight miles of freeway circling downtown will be rebuilt as part of the project, meaning the reconstruction will touch more than a dozen Houston neighborhoods, many divided from downtown by the freeways the project promises to expand.

Concerns about additional car traffic, air quality and an even bigger divide of neighborhoods caused by the larger freeway prompted many to push for significant changes, such as rebuilding with no new additional lanes and increased investment in area transit and trail options.

“We have got to have buses and we have to take people out of their cars,” Molly Cook, an organizer with Stop TxDOT I-45, told the Texas Transportation Commission on Feb. 23.

Whatever is built, however, will take years to become an option for drivers, pedestrians or cyclists. Stretched across a dozen projects, likely starting at Interstate 69 at Spur 527 and working clockwise around downtown, construction will take years, lurching north from downtown.

Based on current estimates and trends in construction costs, that could mean by the time the project reaches Greenspoint near Bush Intercontinental Airport the current $9.7 billion price tag could be “$11 or $12 billion based on inflation,” Texas Transportation Commission Chairman J. Bruce Bugg told the state House Transportation Committee last week.",Positive
"Houston, Harris County and the Texas Department of Transportation have an agreed path forward for rebuilding Interstate 45, and a lot of steps to get there.

Details big and small remain works in progress and a federal pause looms as the last big hurdle, for now, as officials move ahead after last month’s agreements.

“We are doing everything we can to move this project forward,” James Koch, director of transportation planning and development for TxDOT in Houston, told a North Houston Association luncheon on Wednesday.

The group, focused on economic development north of the city, is a vocal supporter of the widening project because of its potential to improve access to downtown and revitalize sagging areas along the I-45 freeway corridor.

To get some of those benefits, officials first have to iron out technical issues that not only affect the $10 billion rebuild of I-45 and the downtown freeway system, but numerous other mobility projects that cross it. Among them:

How TxDOT will rebuild Interstate 69 beneath Metropolitan Transit Authority’s Red Line light rail in Midtown while keeping the trains moving as much as possible
Addressing changes sought by the Harris County Flood Control District that improve drainage for neighborhoods north and south of the Loop 610 interchange with I-45
Design specifics of the future I-45 interchange with Interstate 10 that accommodate Metro’s planned Inner Katy bus rapid transit line along I-10 and proposed managed lanes access to downtown streets
Adding sidewalks and bike amenities to areas where TxDOT has committed to trying to reduce the number of properties it will take
Determining how a proposed downtown connection for the Hardy Toll Road will enter the area near Buffalo Bayou and cross a remade I-10
Reconsidering how the project will incorporate Metro’s plans for bus rapid transit into its overall design

""I think the next steps are sitting down in a room and working out all the details,” Metro board Chairman Sanjay Ramabhadran said of the work ahead.

Those details are not the only obstacles to construction, which officials will consider moving from 2024 to 2027 later this month in the region’s four-year transportation plan. TxDOT still must acquire some property, Koch said, and the pending Federal Highway Administration review not affected by the local agreements must be resolved.

TxDOT officials said they are working on a similar agreement with FHWA, which outlines how they will proceed with the project.

In a statement Thursday, FHWA officials said the agency's review of the project is ""ongoing, as are discussions for a potential voluntary resolution agreement. We are working to resolve the matter soon.""

2023 ROUNDUP:

The widening, broken into phases, would rebuild the freeway system around the central business district from Interstate 69 near Spur 527 to where I-45 and Interstate 10 cross near White Oak Bayou. As part of the redesign, I-45 would run parallel to I-69 on the east side of downtown, then follow I-10 along the north end — eliminating the elevated section of I-45 along Pierce Street, but maintaining the exits to downtown on the west side.

North of I-10, officials propose adding two managed lanes in each direction and rebuilding I-45 to Beltway 8 in Greenspoint.

While it is a once-in-a-generation freeway rebuild, it comes with the potential to displace hundreds of homes and businesses. Though minor changes have reduced some of the effects, TxDOT’s approved project impacts — the catchword for any structure or dwelling directly touched by the changing road boundary — include 158 houses, 433 apartments or condos, 486 public housing units, 340 businesses, five churches and two schools.

The enormity of those impacts, along with concerns that widening the freeway without better transit options will continue to encourage single-occupant vehicle trips into the city's core, led to criticism of the plan by community advocates and, eventually, city and county leaders.

Last month, after roughly two years of discussion, that all changed. Houston, Harris County and TxDOT announced agreement on the project on Dec. 19. The agreement between TxDOT and the city outlined commitments to try to reduce property condemnations and added funding for housing relocation and public housing aid to affected communities. It also commits TxDOT to improving some local flooding issues and street connections.

The agreement between TxDOT and Harris County, meanwhile, contained similar language, including a commitment to build pedestrian and bike access along all frontage roads for the entirety of the project, monitor air quality during and after construction, and plan for how trails will cross the project and link neighborhoods to bayou trails.

As a result of the county agreement, the March 2021 lawsuit filed by Harris County to halt the project was dismissed by a federal judge on Jan. 3.

Hailed by elected officials as a breakthrough that salvaged a desperately-needed freeway rebuild, the deals surprised critics of the initial design. They noted many of the details give TxDOT room to renege while others fall short of the changes some neighborhood advocates had sought.

In a statement, Air Alliance Houston said the agreements “will do very little to protect Houston communities from the harms posed by this project,” specifically related to air pollution caused by the larger freeway in many neighborhoods around the central business district.

“It would be difficult to overstate our disappointment in the contents of these two (agreements), the closed-door manner in which they were created and signed, the lack of sufficient time for the public to read and respond to them, and the tone with which they were presented,” the group said.

Officials have defended the deals as the best way to change the project but still maintain the benefits that will come with it, including faster and safer commutes and the creation of two-way managed lanes that can improve transit in the I-45 corridor.

“I genuinely believe we are in a significantly better place as a region,” Ramabhadran said of the agreements.

Related projects also are moving ahead, improved by the imbroglio over I-45 and its impacts on minority and low-income communities close to downtown.

“The expectation of project delivery in Harris County has been elevated,” said Roberto Trevino, executive director of the Harris County Toll Road Authority.

The delayed Hardy Toll Road downtown connector is one example, Trevino said. The project, shelved by Harris County officials as they watched the I-45 debate intensify, first aimed at construction in 2020. Trevino and others have spent the past year talking to neighborhood groups along the route — mostly a straight line along Hardy and Elysian through the North Side that skirts Fifth Ward — so they feel the project improves their neighborhoods as opposed to just coming through it.

“We are incorporating some of that into the downtown connector design,” Trevino said of the discussions, which likely will lead to other meetings this spring. “When we put something on the board, we can say we had community input, that it is connecting the community and complimenting the community. Everyone gets the win.”",Positive
"The Texas Department of Transportation is planning how to improve I-45 from Beltway 8 north to South Loop 336 in Conroe as the corridor sees more traffic.

Discussion began with a series of public meetings that started in 2019 on how to improve safety and mobility along the corridor. The Planning and Environmental Linkages Study is in Phase 2, which includes conducting a series of public community meetings —including an initial meeting held Jan. 17 at Oak Ridge High School in south Montgomery County.

Based on the feedback received from the public, TxDOT will then identify and develop more concrete plans. The report is expected to be finalized by the fall. A series of final public hearings are anticipated to begin in early 2024, according to TxDOT officials.

“The [PEL] Study for I-45 North in the Houston area enables the community to participate in the transportation decision-making process,” Emily Black, public information officer for TxDOT’s Houston region, said in an email. “The PEL process represents an approach to transportation decision-making that considers environmental, community and economic goals early in the planning stage and carries them through project development, design and construction.”

Spanning 24 miles from Houston to Conroe, TxDOT has come up with three primary alternatives to the current structure of I-45, which were presented by TxDOT officials at public meetings Jan. 17 and 19.

The first proposal suggests using the existing paved roadway and restriping it to create one high-occupancy vehicle lane and five main lanes in both directions. The second proposal would widen the freeway and make way for two HOV lanes as well as four to five main lanes north and south. The third proposal would create two elevated HOV lanes going north and south.

“The volume on I-45 is growing exponentially, and there’s still more and more people coming,” Bruce Berger, Montgomery County Precinct 2 chief of staff, said in an interview. “We also have the people commuting to and from our community from the north and the south. So the most important question is, how do we keep ahead of that or at least nose to nose with it?”

Additional suggestions given during Phase 1 of the study includes building six additional direct connectors going from Hwy. 242 to I-45.

A new direct-connect flyover from northbound on I-45 to eastbound on Hwy. 242 is already in the works. The $14.9 million project is part of Montgomery County’s 2021-24 improvement plan.

Berger said the project is nearing the end of the design phase, but TxDOT will need to approve the plan before construction begins.

Safety concerns

TxDOT officials said safety concerns are a major driver for the study.

According to data collected by TxDOT, there were 16,581 total crashes on I-45 between South Loop 336 and Beltway 8 from 2017-21. Of those crashes, 339 were fatal or incapacitating, and 3,962 involved some kind of serious injury.

Montgomery County Sheriff Rand Henderson said in an interview the sheriff’s office recorded 997 accidents on I-45, including one fatality, in 2022.

“Traffic congestion is one of the most frequently contributing factors to aggressive driving,” he said in an email.

Henderson said he has offered his support and knowledge concerning mobility to Montgomery County Commissioners Court and is regularly in contact with TxDOT to conduct traffic surveys to better assist with the expansion and safety of I-45.

Alleviating congestion

Increasing travel times have also been an issue along the corridor.

The I-45 segment between Lake Front Circle and Spring Cypress Road, located south of The Woodlands, ranked 98 out of 100 in the Texas A&M Transportation Institute’s 2022 ranking of Texas’ most congested roadways. The congestion caused 115,324 hours of delay per mile in 2022 for this segment of I-45.

The portion of I-45 between North Loop 336 West and FM 1488, and the section of the highway between FM 1097 and South Loop 336 were further down on the congestion list, ranking at 679 and 1,728, respectively. Together, the two sections caused a total of 30,590 hours of delay per mile on I-45 in 2022.

Debby Mormino, a 15-year resident of Conroe, said she has watched traffic on I-45 area roadways get worse over the years.

“The traffic on South [Loop] 336 has gotten really bad,” she said in a Nextdoor thread. “With all the expansion and growth in this area the last few years, the roads have not kept up.”

The baseline freeflow—which is how long it should take an average vehicle at 50-65 mph to travel the 24 miles within the study area on I-45—is 22 minutes, according to TxDOT. If no improvements are made to I-45, the travel time for that same stretch of road is projected to be 52 minutes by 2045, according to the study.

However, expanding new lanes or creating elevated HOV lanes is expected to reduce the peak travel times to 32-43 minutes, according to TxDOT data.

As it stands, the proposed alternatives are in the study phase. The proposal is separate from the North Houston Highway Improvement Project, a $9 billion improvement plan for I-45 from downtown Houston to Beltway 8.

The findings from the PEL Study are expected to be complete by the end of 2023.

“TxDOT will select, with public input, a project or projects to be evaluated, designed and built,” Black said. “This means we are years from any potential construction starting, so this was the best way to get a good idea of what would benefit the area as growth in the area continues to increase.”",Positive
"HOUSTON, Texas (KTRK) -- The hotly-debated I-45 expansion project has received the green light to move forward after the Texas Department of Transportation, or TxDOT, and the Federal Highway Administration reached an agreement, the latter agency announced Tuesday.

In a statement, the entities said they signed a Voluntary Resolution Agreement, which resolved the FHWA's Title VI investigation into the project and ultimately lifts the pause on it.

That means TxDOT can proceed with design and construction of the $9 billion plan.

""This VRA takes significant steps to address project impacts to the community and provides clear enforceable timelines that will be monitored by FHWA as TxDOT proceeds with the NHHIP, including detailed design, stakeholder engagement, affordable housing initiatives, right-of-way acquisition, flood mitigation and construction activities,"" the statement said.

The North Houston Highway Improvement Project, commonly known as the I-45 expansion project, is one of the largest construction projects in the state. It's designed to widen I-45 through downtown to Beltway 8 to address congestion. Some of it would run parallel to I-69 on the east side of downtown.

The plan also entails providing more pedestrian and bike trails along green spaces, such as in White Oak Bayou, Buffalo Bayou, and Emancipation Trail, and the minimization of the highway's current presence in green spaces, in addition to flood mitigation, and the reduction of historic flood patterns.

But an issue has been its potential impact on the communities in the area, especially with regard to fairness and equity.

As of April 2022, more than 1,000 homes in its path would be affected.

The group Stop TxDOT I-45 opposes the project, saying it supports the voices of local businesses and families that the construct could impact.

Harris County also sued to stop the project, but a judge dismissed the lawsuit.

According to the FHWA, the actions specifically outlined under the VRA include:

Mitigating displacements, relocations, housing, and other community impacts

Drainage improvements to reduce flooding

Parks, open space, trails, pedestrian and bicycle facilities

Community access during construction

Highway ""footprint"" reduction

Structural highway caps

Meaningful access for persons with limited English proficiency (LEP)

Houston Mayor Sylvester Turner released a statement after the FHWA's announcement, saying that the city is prepared to reengage TxDOT on all segments of the project.

""After years of negotiations, the North Houston Highway Improvement Project can now be the project Houston deserves it to be. A project that addresses I-45's repeated flooding while maximizing the opportunities for people to stay in their homes and neighborhoods. It is a project that helps people and goods travel through the region while encouraging people to travel between our neighborhoods without impacting them. A project that can help knit back together our downtown and improve the air we all breathe. I thank the many project partners and stakeholders that have brought us to the point, including FHWA, TxDOT, Harris County, METRO, and especially our residents,"" the mayor said.

Greater Houston Partnership president and CEO Bob Harvey also weighed in.

""Houston is a region focused on creating growth and providing opportunity, both of which depend on modern public infrastructure. The I-45 project is key to improving the mobility of people and goods across the entire region, while also creating jobs, reconnecting neighborhoods, expanding greenspaces, and addressing flood mitigation. We are grateful to officials at the Federal Highway Administration, TxDOT and the Texas Transportation Commission particularly former Commissioner Laura Ryan, the City of Houston and Harris County who worked together to resolve the remaining issues and to move this transformational project forward,"" Harvey said.

Congresswoman Sheila Jackson Lee, who represents Houston's 18th district, also shared her reaction to the end of the project's pause.

""In the review given to me by the U.S. Federal Highway Administrator, it is evident that the detailed work and efforts made by the U.S. Department of Transportation to ensure enforcement of provisions that will provide a better quality of life, a better project and a better response to the needs of our communities in the path of I-45,"" the Congresswoman said.

""I have worked on this issue from its beginning as I sought to represent constituents' views that there must be a better way, a smaller footprint, a better design, and an elimination of the huge destruction of housing,"" she continued. ""I am grateful for the attention that the U.S. Department of Transportation gave, and I am grateful to the community members and organizations who appropriately filed a Title VI complaint. Following the submission of those complaints, the Federal Highway Administration followed best practices to answer the concerns. However, we all remain cautious and diligent in determining TxDOT's compliance. So, I was particularly glad that the Federal Highway Administration listened and put in very strong enforcement elements between the Department of Transportation and the Department of Justice. The agreement includes required public meetings every year. It requires an Ombudsman to be established so that all the aspects of the agreement will be noticed and remembered and that TxDOT will have to comply based upon the enforcement mechanism. Additionally, we are glad for required public meetings. Our work is not completed. I will remain available to my constituents.""",Positive
"The bottleneck of design differences that has divided officials about remaking Interstate 45 north of downtown Houston is easing, officials said Monday, clearing the way for construction on the $10 billion project in less than two years.

“There is no perfect design,” Houston Mayor Sylvester Turner said. “On balance, with the improvements … I think you have an excellent project that will move forward and move the greater good.”

The agreement outlines plans for widening the freeway by adding two managed lanes in each direction from downtown Houston north to Beltway 8, along with various frontage road and interchange alterations.

“We are ready to move forward together,” said Texas Transportation Commissioner Laura Ryan.

After spending months at loggerheads, but working on some consensus, the Texas Department of Transportation committed to a handful of concessions, such as increasing the money it will pay the Houston Housing Authority for relocation and development of affordable housing, and assurances to design the project as much within the current freeway footprint as possible. The project also connects trails for running and biking, adds air monitoring in certain areas, adds features aimed at encouraging transit use and commits to stormwater design changes sought by the Harris County Flood Control District.

“Not all the things we wanted materialized, but that is compromise,” said Harris County Pct. 2 Commissioner Adrian Garcia.

The agreement announced Monday does not remove the pause the Federal Highway Administration placed on the project in March 2021. But with blessing of local, state and federal elected officials, it is likely the hold would be lifted and work could proceed, those involved in the deal said.

FHWA told TxDOT to halt development of the project as it reviewed concerns raised by Rep. Sheila Jackson Lee and others that the outreach to some minority communities wasn’t sufficient and violated civil rights laws by harming some Black and Latino neighborhoods.

Within the agreement, TxDOT leaves open some of the design of segments north of the central business district and additional sound barriers if neighborhoods want them. TxDOT, in writing, also said it would increase funding for connecting local bike lanes and paths to nearby bayou trails.

“We expect TxDOT to uphold its end of this historic agreement, and not only to evaluate the impacts over the next year but to agree to and fund real solutions that address concerns about displacement, pollution, flooding and impacts on the public transportation network,” said Harris County Pct. 1 Commissioner Rodney Ellis.

The difference in visions has dogged the project for more than two years, but progress on remaking the freeway hit two large potholes in March 2021, after critics of the widening convinced some local officials to step in and federal highway officials paused work. Around the same time, Harris County sued TxDOT, saying the designs did not adequately address the impacts of noise and pollution in some communities, notably the North Side and Independence Heights.

In the roughly 20 months since, officials chipped away at the differences, postponing action on the county’s lawsuit and awaiting the federal review, while exploring what changes TxDOT could make to appease concerns. In the interim, Harris County Judge Lina Hidalgo and Garcia, who both were outspoken about the need for changes to the design, were reelected.

The two new agreements, one between TxDOT and the city and another between TxDOT and Harris County, specify the commitments both sides are making. Turner signed the city’s agreement Monday, after it was signed by TxDOT Executive Director Marc Williams. The county’s agreement can only be approved after a Commissioners’ Court meeting, scheduled for Thursday. Approval of the deal would automatically trigger a request by county officials drop the lawsuit against TxDOT.

Most of the new details are similar to requests Turner made in August 2021, and correspond with requests county officials raised more than a year ago, which state highway officials said they could not approve because they locked TxDOT into commitments on side ventures that were not included in the project.

While the agreement has won over local officials, the widening – or any freeway widening within Loop 610 – is likely to face some opposition from groups that argue making freeways within the urban core larger is an exercise in futility.

“Residents of the inner loop prefer safer roads and more intermodal transit,” Dougie Steinbach, a volunteer with Stop TxDOT I-45, told the region’s Transportation Policy Council last week.

While opponents have organized in many of the neighborhoods, suburban commuters have largely supported – and been supported by – elected officials outside Houston who want the project to proceed.

“You ask for what you want and you take as much as you can get,” Ellis said.",Positive
"The North Houston Highway Improvement Project (NHHIP) will rebuild the downtown freeway system and Interstate 45 north to Beltway 8. As TxDOT nears the end of the 17-year process to develop plans for the project, it’s a good time to spotlight the huge benefits this planned project will provide to motorists, downtown and adjacent neighborhoods.

First and foremost is mobility. Houston’s downtown freeways were designed in the 1950s and 1960s to serve motorists going to and leaving downtown, not trips which pass through downtown. But today 67 percent of weekday peak-period vehicles using downtown freeways pass through downtown, and these trips are virtually impossible to serve with traditional public transit.

The NHHIP will redesign downtown freeways to serve today’s needs and relieve congestion, with average speed increases up to 24 miles per hour expected during peak periods. This will not only reduce the frustration and costs of congestion, but also provide important economic benefits since Houstonians will have more opportunities to access jobs which require trips through downtown, and employers will have access to a larger pool of potential workers who will be able to travel through downtown.

The NHHIP will be highly beneficial to Midtown by sinking the existing I-69 elevated freeway into a trench, removing the elevated structure which has often been a location for homeless communities. The new lanes included in this section will relieve the chronic backups which occur on the inbound side of I-69.

The NHHIP will retire the Pierce Elevated as a transportation corridor, allowing stakeholders to decide its future to maximize the corridor’s benefit to the community, either by removing the existing structure or converting it into a linear elevated park, which could potentially become one of the most distinctive urban parks in the United States.

Where I-69 and SH 288 merge together, new arched bridges with pedestrian-friendly sidewalks will provide an architectural highlight to enhance neighborhood identity.

On the east side of downtown the NNHIP will remove one mile of elevated freeway and place the freeway below ground level, providing the opportunity for new community spaces on platforms that can be built above the freeway, with the potential for a focal point similar to Dallas’s highly successful Klyde Warren Park.

The NNHIP will substantially reduce the number of highway structures along the present I-45 on the west side of downtown in the area of Allen Parkway and Memorial, opening up more space for use as parks.

On the north side of downtown, the consolidation of the two east-west railroad corridors into a single corridor north of I-10 will remove the railroad through UH-Downtown and the warehouse district. The railroad removal, northward realignment of the freeway and separately proposed north canal will provide the opportunity for transformative new development.

Just north of downtown at North Main Street, a potential park over the freeway will reconnect the neighborhoods currently separated by the freeway trench.

From the Loop northward, the freeway and frontage roads will meet modern standards with replacement of the antiquated Loop 610 interchange, new managed lanes and more efficient intersections at cross streets. Safety improvements include full shoulders and better-designed merging zones.

The NHHIP adds only limited new general-purpose lanes to the freeways, mainly in bottleneck locations. New capacity is primarily managed lanes similar to the highly successful managed lanes on the Katy Freeway. Managed lanes are optimized for transit and carpool use, and the NHHIP will provide valuable new options for public transit in the North Freeway corridor, potentially including high-speed express bus service to Bush Airport. The North Freeway will be ready for new transportation technologies of the future, such as automated cars, which will be well-suited for use in managed lanes.

While the NHHIP is expensive, with a price tag around $3.9 billion for the downtown work and $7 billion overall, its huge benefits make it a vital investment in Houston’s future. TxDOT’s 2020 Unified Transportation Program has allocated $4.7 billion to the project for construction in the 2020s with work beginning in Midtown and proceeding northward. This funding can be used only for highway projects, and if the NNHIP does not proceed to construction this once-in-a-generation opportunity to achieve these benefits for Houston could be permanently lost since the funding will likely be redistributed to projects in outlying areas of the Houston region, and possibly to rural interstate improvements outside of Houston, such as I-69. Let’s move forward with the North Houston Highway Improvement Project as soon as possible to achieve better mobility, a better downtown and more opportunity for Houstonians.",Positive
"TxDOT and the Federal Highway Administration (FHWA) signed a Voluntary Resolution Agreement (VRA) resolving the FHWA Title VI investigation of the I-45 North Houston Highway Improvement Project (NHHIP) and lifting FHWA's pause on the project. This VRA takes significant steps to address project impacts to the community and provides clear enforceable timelines that will be monitored by FHWA as TxDOT proceeds with the NHHIP, including detailed design, stakeholder engagement, affordable housing initiatives, right-of-way acquisition, flood mitigation, and construction activities. The review of TxDOT's responsibilities under the National Environmental Policy Act is also concluded with no findings.

The actions in the VRA will be performed in addition to and/or in compliance with the mitigation actions already committed to by TxDOT, as contained within the Record of Decision (ROD), including:

Twice annual public meetings through design and construction;
Mitigating displacements, relocations, housing and other community impacts;
Drainage improvements to reduce flooding;
Parks, open space, trails, pedestrian and bicycle facilities;
Community access during construction;
Highway ""footprint"" reduction;
Structural highway caps;
Air quality mitigation; and
Meaningful access for persons with limited English Proficiency (LEP)

""This agreement moves forward an important project, responds to community concerns and improves the North Houston Highway Improvement Project in ways that will make a real difference in people's lives,"" said Federal Highway Administrator Shailen Bhatt. ""Through this agreement, the community will have a greater voice in the design and throughout the project's life cycle. We have lifted the pause, and with FHWA oversight, TXDOT may proceed with design and construction.""

The $9 billion NHHIP will ultimately reconstruct I-45 North between Houston's downtown and the North Sam Houston Tollway to bring the roadway up to federal safety standards and enhance mobility. Improvements also include increased modal options through four non-tolled managed lanes, bicycle and pedestrian features along frontage roads and cross streets, and trails parallel to bayous within the right of way. Detention ponds, pump stations and other flood mitigation tools are also included in the project. Air quality will also benefit from less congested traffic and idling cars along with various project mitigations.

""This portion of I-45 was built in stages in the 1950s and 1960s and the design remained essentially the same while the area population has doubled,"" stated Marc Williams, TxDOT executive director. ""The reconstruction of I-45 will address mobility needs for people and freight, while also improving safety and a number of environmental mitigations that include critical measures to improve storm water drainage. Considering the recently executed agreements with Houston Mayor Sylvester Turner, Harris County, and now the FHWA, we are excited to get this critical infrastructure project moving with our partnering agencies.""

About I-45 Project (NHHIP)

The NHHIP will address critical needs including updating three highways to current design and safety standards, relieving traffic congestion, improving storm water drainage, and improving the evacuation routes. The NHHIP will add four managed express lanes on I‐45 from Downtown Houston to Beltway 8 North; reroute I‐45 to be parallel with I‐10 on the north side of Downtown Houston and parallel to US 59/I‐69 on the east side of Downtown Houston; realign sections of I‐10 and I‐69 in the downtown area to eliminate the current roadway reverse curves that limit capacity; and lower I‐69 between I-10 and Spur 527 south of Downtown to improve safety by eliminating unsafe weaving.

The purpose of the NHHIP is to implement an integrated system of transportation improvements that would:

Bring I-45, I-10, and US 59/I-69 up to current design standards to improve safety and operations.
Manage I-45 traffic congestion in the NHHIP area through added capacity, MaX lanes, options for single-occupancy vehicle (SOV) lanes, and improved operations.
Improve mobility on I-45 between US 59/I-69 and Beltway 8 North by accommodating projected population growth and latent demand in the project area.
Provide expanded transit and carpool opportunities.
Improve the capabilities of I-45 as an emergency evacuation route.
Improve storm water drainage on I-45.
Support the projected significant increase in travel on the regional highways in the Houston-Galveston area.

For more information about the NHHIP project, visit www.txdot.gov/nhhip.

For more information, contact TxDOT public information office at 713/802-5077 or by email [email protected] or contact FHWA press office at 202/366-0660 or by email to [email protected]

MoDOT Bundles I-55 Bridge Projects in St. Louis, Missouri

VIDEO: New England Patriots Near Goal Line in Completing Gillette Stadium Upgrades

Philadelphia Historic First Bank Building Gets $22.2M From Feds for Rehab Project

Elford Inc. Building $60M Franklin Crisis Care Center

Record Earnings for Volvo Construction Equipment in Q2 2023

CONNEX South Carolina Available to South Carolina Manufacturers

Illinois Land Improvement Contractors Association Hosts OSHA Trench Safety Training",Positive
"After almost two years of discussion and negotiation, the Texas Department of Transportation (TxDOT) has announced that it has reached common ground with city of Houston Mayor Sylvester Turner and Harris County officials, which will help advance the I-45 North Houston Highway Improvement Project (NHHIP).

""The path forward begins anew today,"" Turner said. ""As I've said before, the NHHIP, done the right way, can be a transformational and generation-level project, enhancing connectivity, increasing mobility and significantly lowering flood and existing parks and greenspace impacts. Today's [memorandum of understanding] represents the commitment, ongoing collaboration and communication between county, city and state governments to meet the needs of residents and businesses within the region. It also provides resources for Houstonians to stay in their neighborhoods, as our people, our residents, are the heart of our city.""

The NHHIP will address critical needs including updating the highways to current design and safety standards, relieving traffic congestion, improving storm water drainage and improving the evacuation routes. The NHHIP will add four managed express lanes on I‐45 from downtown Houston to Beltway 8 North; reroute I‐45 to be parallel with I‐10 on the north side of downtown Houston and parallel to U.S. 59/I‐69 on the east side of downtown Houston; realign sections of I‐10 and I‐69 in the downtown area to eliminate the current roadway reverse curves that limit capacity; and depress I‐69 between I-10 and Spur 527 south of downtown to improve safety by eliminating unsafe weaving.

The purpose of the NHHIP is to implement an integrated system of transportation improvements that would:

Bring I-45, I-10, and U.S. 59/I-69 up to current design standards to improve safety and operations;
Manage I-45 traffic congestion in the NHHIP area through added capacity, MaX lanes, options for single-occupancy vehicle (SOV) lanes and improved operations;
Improve mobility on I-45 between U.S. 59/I-69 and Beltway 8 North by accommodating projected population growth and latent demand in the project area;
Provide expanded transit and carpool opportunities;
Improve the capabilities of I-45 as an emergency evacuation route;
Improve storm water drainage on I-45; and
Support the projected significant increase in travel on the regional highways in the Houston-Galveston area.

The project partners have reached an understanding on several project features, including flood mitigation, affordable housing and congestion relief. In fact, in addition to compensating residents directly impacted, TxDOT will provide $30 million in financial assistance for affordable housing in adjacent neighborhoods.

""There has been a lot of work on the North Houston Highway Improvement Project over the last several years, including community engagement,"" Turner said. ""NHHIP can truly help Houston move towards our vision as a resilient, multimodal city that serves us all equitably.

""I think you have an excellent project that will move forward, that will benefit the greater good of the Houston community, Harris County and the region,"" Turner added.

""Both the Memorandum of Understanding executed with Mayor Turner and the agreed upon terms and conditions agreed to with Harris County which will warrant their dismissal of the lawsuit against the project represent how staying focused on common ground and the benefits to the region in key areas of interest have provided an outcome that will enhance the I-45 NHHIP project as we move forward,"" Texas Transportation Commissioner Laura Ryan said.

""If we can make this project better for one family, even one person in one of these underserved neighborhoods, then I am going to do that,"" said Christian Menefee, Harris County attorney. ""What is important about this agreement is it establishes a tenor of collaboration moving forward. This is a big project.""

""This agreement is reflective of so many coming together from different points of view... there were different approaches to ensuring this project is better,"" said Adrian Garcia, Harris County Commissioner, Precinct Two.

""We continue as leaders at the local level with our state partners and our federal partners...to make this big project even better,"" said Rodney Ellis, Harris County Commissioner, Precinct One.

""Finding common ground on a number of key issues helps to refine the project and deliver win-win solutions for Houstonians as well as the Greater Houston-Galveston Metropolitan area,"" TxDOT Deputy Executive Director Brandye Hendrickson said.

""The agreements we are here to celebrate today help to identify our collective efforts to make sure the NHHIP is positively transformational for all involved,"" Hendrickson added.",Positive
"Strip away the enormity of rebuilding Interstate 45 and the promise of speedier trips along downtown Houston freeways, and two questions about the once-in-a-generation project remain: How many negative effects are acceptable in one neighborhood for other people’s faster commutes? And, how far should transportation officials go to reduce those impacts, to secure support and not vocal opposition? “This is the defining project in the city of Houston for the next 20 years,” said Michael Skelly, a local businessman and organizer of the Make I-45 Better Coalition. “Doing it properly means minimizing impacts and, where there are impacts, mitigating them properly.” Impacts expected from the widening of I-45 from downtown north to the Sam Houston Tollway — including a $3 billion remake of the downtown freeway system that buries a portion of the freeways and tears down the Pierce Elevated — run the gamut of environmental and social ills: air quality and flooding concerns for schools, day cares and low-income communities; removal of public housing developments in a city already hurting for affordable homes; concrete pillars and ramps rising above pristine park space along area bayous; uprooting 300 businesses employing 24,000 people and 1,400 homes. “What concerns us as a group is inequity,” said Oni Blair, executive director of LINK Houston, a local transportation advocacy group. “They will feel losses, not gains.” Texas Department of Transportation officials say they are balancing those concerns with a need to rebuild a freeway beyond its useful life, in a way that officials believe prepares for how Houston will move more than a decade from now. REMAKING I-45: Houston, highway builders have a lot riding on widening project “We are working real hard to make this work,” said Quincy Allen, district engineer for the six-county Houston area. “Everything we’ve heard, we’ve said ‘let’s see if we can make this work.’” Not every problem, however, has a solution as TxDOT awaits federal approvals, possibly by the end of this year. The total cost of the project could climb above $7 billion. Construction on the segments where I-45, Interstate 69 and Texas 288 intersect could start as early as 2021. That means the opportunity to tweak a project 18 years in the making is closing, with a lot of concerns remaining despite years of unprecedented public engagement between transportation officials and neighborhood and advocacy groups. “We have heard more noes than yesses,” Rebecca Reyna, executive director of the Greater Northside Management District, said of attempts to alter the project through talking to TxDOT. If there is hope, TxDOT and advocates for changes said, it is that everyone keep talking. “We can’t do everything, but we will consider anything,” TxDOT spokeswoman Raquelle Lewis said. Opponents said they are committed to making sure whatever is built does not tear more inner-city neighborhoods apart. “It is not fair for us to put up with the traffic impacts to serve people who do not live in the city,” said Christel Bastida, a Northside resident active with the Greater Houston Coalition for Justice. “You do not get to step on them just because it is convenient for everyone else.” Re-centering a car city The project aims to add two managed lanes in each direction to I-45 north of the central business district as part of a total freeway rebuild from Interstate 69 to the Sam Houston Tollway near Bush Intercontinental Airport. Proponents of the freeway plan argue Houston is choking on congestion along the I-45 corridor and efforts to lure people out of their cars so far have not changed things. Adding managed lanes - which benefit buses and carpoolers - helps manage traffic without adding general use lanes. ERASING HISTORY: I-45 expansion impact report may not have considered Independence Heights “Very little capacity is added,” Allen said, explaining that the premise is using the limited right of way TxDOT has more efficiently. In an analysis of the project, TxDOT and HNTB — the engineering firm hired to oversee design of the new freeway — estimated the new freeway would increase average speeds at peak commuting times by 24 mph, an unprecedented increase. “We believe our project is a net benefit to air quality by reducing congestion and having people sit in traffic,” Allen said. Air quality and neighborhood advocates for the communities where the wider freeway will run have called that logic into question. Anytime lanes are added, drivers gladly fill them up until they are full, the thinking goes. “Continuing to expand highways as a way to address congestion … only fuels our dependence on single-passenger vehicles,” said Bakeyah Nelson, executive director of Air Alliance Houston. In an assessment released last week, Air Alliance Houston found at nine nearby school campuses that vehicle travel near the school is seven times the average for Houston Independent School District campuses. Those sites already suffer some of the worst air quality in the region, likely because of their proximity to the highway. Bruce Elementary near I-69 and I-10 — already with some of the highest rates of children with asthma — would experience a 175 percent increase in benzene emissions, researchers concluded. “Discontinue the legacy of treating communities of color and low income as collateral damage,” Nelson said. Allen said TxDOT hopes to plant as much vegetation as practical, aimed at soaking up carbon emissions. The Houston district is the leader statewide in using trees, bushes and shrubs to line freeways with the goal of reducing visual impacts and keeping pollutants from spreading in the wind. FUTURE OF TRANSIT: Rail route to Hobby still up for debate, Washington Avenue line to wait Allen said last week that, if they can, officials are considering using air quality money to buy Houston ISD electric buses to remove their emissions in a nod to reducing overall air effects at the school. They also are talking about better sealing school windows to reduce pollution coming into the buildings. The remedies, however, do not address the pollution as much as they take steps to remove people from it, critics said. “It is not enough of an answer to say how we keep people safe inside,” Houston District H Councilwoman Karla Cisneros said. “We don’t want children to only be safe inside a building.” Give and Take The freeway rebuild offers a rare chance to remake part of downtown Houston, too. As a result of the redesign, TxDOT will eliminate the elevated segment of I-45 that crosses downtown, known as the Pierce Elevated, while keeping local access ramps to Allen Parkway and other streets on the west side of the central business district. Burying I-45 and I-69 along the side of the George R. Brown Convention also will allow designers to cap the freeways with a public space, akin to another Discovery Green. In many respects, what officials are promising is a much better freeway than the one there now, proponents said. “We need to reconnect neighborhoods where a project 50 years ago kind of cut them apart,” said Bob Eury, president of the Houston Downtown Management District. “We think there is an opportunity to create connected open parks and public spaces that has a real benefit for the community.” Those benefits, however, come with concessions. For the promise of eliminating the Pierce Elevated or a new downtown park, the project also alters open land along White Oak bayou just north of downtown, overshadowing it with ten lanes of new interchange ramps. Businesses and homes will be lost to a wider freeway, including the Clayton Homes complex operated by the Houston Housing Authority near I-69 and Buffalo Bayou and Kelly Village about a mile north, on the other side of I-10. Independence Heights, the first city in Texas incorporated by black residents, has lost land to Loop 610 and I-45 over the past 40 years would lose even more homes and businesses. “Our historical assets have been trampled over and over again,” said Tanya Debose, executive director of the Independent Heights Redevelopment Council. DRIVING DOWN DEATHS: Texas transportation leaders to aim for zero roadway fatalities Community leaders also worry more freeway lanes could further worsen flooding in the area. Along with burying the freeway along the east side of the central business district, remaking I-45 north to the tollway requires a major rethinking of drainage along White Oak Bayou and Little White Oak Bayou, which flows through the I-45 interchange with Loop 610. Officials counter that they have gone to unprecedented lengths to adjust drainage plans along the way. “We have done more drainage on this project than I any I have ever been on,” said Allen, a nearly 35-year TxDOT veteran. Massive pump stations, with redundancies built into them, as well as emergency systems in the event of power loss, will keep the freeways open, Allen said. The depressed section of I-69 southwest of Spur 527 turned into a lake during Tropical Storm Alison in 2001 when it still was under construction. Since, the massive pump stations that clear water from it have kept it mostly open through every major storm, including Harvey. Along the way, Allen said officials have worked up and down the freeway to listen to concerns and redraw designs over and over. The plan reflects many of those changes and is likely to reflect many more, he said. Engineers are looking at crossings for pedestrians and bicyclists. TxDOT is negotiating to purchase a piece of land somewhere near downtown, with plans to let Clayton Homes and Kelly Village stay in their current places until a new Houston Housing Authority property is finished. There has been talk of a land bank or some sort of trust to relocate Independence Heights homes in the community, without homeowners taking a hit in terms of property taxes. TxDOT engineers have added width on bridges across the freeway for a buffer for bicyclists and pedestrians. Allen said he is hopeful TxDOT can design it to satisfy every concern within their power. “We have gone to everyone with a concern and said ‘let’s see what we can do,’” Allen said. “There’s just… there are some things that are just difficult.” dug.begley@chron.com",Negative
"It’s a $7 billion fight with the neighbors as the area surrounding Harris County and the city of Houston voted last week to tell the Texas Department of Transportation to go full steam ahead with a massive, and long desired, expansion of Interstate 45 despite reasonable and strong opposition. The Transportation Policy Council — which handles federal transportation money as a part of the Houston-Galveston Area Council — voted 14-9 for a resolution expressing support for the project, even as every single member of the regional council representing either the city, Harris County, or Houston METRO voted no. We shouldn’t have to be the ones to say this, but that’s no way to run a rodeo. A massive, multi-billion-dollar improvement project mostly centered in the city and county cannot, should not, and we’re willing to bet, will not be completed. The lawsuit Negotiations over the design of the highway improvement have been ongoing for a decade. Mayor Sylvester Turner told the editorial board in May 2020 he supported the massive project, but only if TxDOT made the footprint smaller. He called for redesigns that moved more people, not just more cars, and improved connections across communities. TxDOT did not reduce the footprint of the project. It also did not reconfigure managed lanes for prioritized transit or improve neighborhood level connections as proposed by the city. TxDOT did pay the Houston Housing Authority for public housing that will be demolished, though the new construction has been stalled by lawsuits and residents have been offered vouchers to move elsewhere. Harris County had slightly different concerns. The new lanes, expanded frontage roads and other aspects of the project would displace roughly 345 places of businesses and 1,000 residences in all. When repeated requests for adjustments to the design — changes TxDOT has said are so large they could defeat goals of the project set out when the regional council first approved it in 2005 — were rebuffed, the county sued. According to the March 11 complaint, the project “must be more carefully considered and designed to meet the diverse needs of the region’s future, reflect the changing circumstances of altered work patterns and new transit initiatives, learn from the region’s past experience that wider freeways cause more traffic, not less, and without unnecessarily displacing hundreds of families and businesses.” On Wednesday, County Attorney Christian Menefee told the editorial board the suit followed years of frustrating negotiations with TxDOT, and isn’t designed to stop the project. “We want those federal funds to come here,” Menefee said, but added that TxDOT failed to live up to its responsibility to insist that environmental concerns are given a serious look. “They need to do their job,” he said. TxDOT response TxDOT argues it has made scores, if not hundreds, of concessions over the years. Indeed, some community advocates have been won over by these changes and now support the project. Belinda Everette, housing chair for the Houston chapter of the NAACP, says TxDOT has been a great partner in finding ways to offset the impact of the expanded road on residents within the city of Houston who will lose their homes, especially Independence Heights, Fifth Ward and Third Ward. “I’ve been involved in discussions with TxDOT for 18 months about this project,” Everette said. “And our interests have been purely based on how this would impact Black and brown communities.” TXDOT’s response has been “remarkable,” especially compared to her experience in Chicago where the redevelopment of Lakeshore Drive sent hundreds of thousands of residents of color to new housing in the suburbs — far from their transit, work and social connections. TxDOT Executive Director James Bass declined through a spokeswoman to answer the board’s questions about I-45, citing the county’s lawsuit. But he did speak on the issue earlier this month when Sen. Royce West, D-Dallas, challenged the agency’s history of running highways through communities of color. “It happens all the time,” he told Bass during a committee hearing. “I promised as a Texas senator that I wouldn’t be party to anything like that. Why is that happening here?” Citing coverage by Houston Chronicle reporter Dug Begley, West also pressed Bass on why TxDOT hasn’t agreed to Turner’s demand that the project do more for transit in Houston, and, finally, why the agency is moving forward without the support of city and county leaders. Bass blamed decades-old decisions on where highways would be routed. TxDOT can only expand a highway wherever it is already built, he said, adding that displacements are an unfortunate reality with most projects. He said TxDOT’s hands are tied with transit because so much of its dedicated funding — some 97 percent of gas tax dollars — must be spent on highways. He said TxDOT is moving forward on the project because the regional council of governments’ transportation policy board has voted to encourage it to do so. “We take our cue from that regional board,” he explained. A question of philosophy That brings us back to the current impasse. That regional board is divided. Doug Hecox, a spokesman for the federal highway administration told us he couldn’t recall a time when a project of this size would be completed over the opposition of the city and county where it’s primarily located. Former Harris County Judge Ed Emmett agreed it was odd, but said he doubted Harris County, at any rate, was truly speaking for the majority of residents who live here. “If this was a project that everyone was up in arms against, if everyone felt that this is a horrible thing, then maybe,” he said. “But this seems to be the leadership listening to the concerns of a relatively small group of people in a near north side area. They should ask people throughout the county and see what they think ...” Of course, leaders like Hidalgo or Emmett are elected to represent all of the county — including the more than 2 million residents who live within the city. But in framing his concerns the way he has, Emmett has put his finger on one of the issues that has made this whole project so tumultuous. In deciding what to do about I-45, all parties — from the local leaders to the regional council to state officials and the Federal Highway Administration — are being asked to decide fundamental questions. What primarily is a highway for? Is it to move people through an area as quickly as possible? Or is it designed to help make life better for the residents through whose neighborhoods and cities it passes? Who gets to object? The suburban counties whose fortunes are tied, in part, to their access to the bigger city? Or the people for whom the road’s expansion will bring dirtier air, more noise and in all likelihood more traffic? When the suit was filed, Hidalgo framed it as a chance to think about transportation in a totally new way. “We cannot continue to support transportation policy that prioritizes cars over people,” Hidalgo said, citing the region’s congestion, lack of transit and high number of roadway fatalities. “The way we build should not focus on what is easiest for cars.” What’s next? At Friday’s regional council meeting, Houston METRO Chair Carrin Patman lamented that the region had come so close to an agreement previously. “We were so close,” she said. “Why can’t we go back to that agreement and start there?” The answer is that TxDOT sees the changes pushed by Houston and the county as too big. In his testimony, Bass explained TxDOT remains eager to “refine” the project with input from the city and county. But if the goal is to “redefine” the project, to change its scope and purposes from the vision approved in 2005, then the project should be sent back to square one, its design changed and new goals agreed on. Then it could start the environmental review over again. That would take years of course. We urge all parties to keep talking to try to avoid that outcome. As Everette, the housing advocate, told us, the project could be transformative. There is much to like about it, including new green space, new transit-friendly HOV lanes, and in some areas new flood protection. But it undeniably represents old thinking when it comes to planning a grand city’s transportation future. Hidalgo and Turner are right to push for updates. Perhaps the law suit — and a new investigation by federal highway officials into complaints that the project’s impact on communities of color violates Title VI of the Civil Rights Act — will give all sides time to reconsider. We don’t believe the project needs to be sent back to square one. But we sure as shooting believe that it shouldn’t be built, can’t be built, won’t be built, over the express opposition of Houston and Harris County.",Negative
"Usually it is Texas highway officials who tells others to slow down. This month, it was federal officials, concerned that a planned Interstate 45 rebuild is speeding ahead, who told TxDOT to pump the brakes. Now the project — a once-in-a-generation rebuild of Houston’s freeway spine — essentially is at a stop, state officials said. In two letters released Wednesday — one to the Texas Department of Transportation and another to Harris County leaders — the Federal Highway Administration said it expected Texas officials to halt work, including the purchase of needed property, on the $7 billion-plus rebuild of the freeway until more scrutiny of the project’s effects on low-income and minority communities and its environmental toll can be completed. “This is an incredibly rare step, but it is a rare set of circumstances,” Harris County Attorney Christian Menefee said of the federal decision, noting how TxDOT, in his opinion, cut corners on its environmental assessment. In a statement, TxDOT spokesman Bob Kaufman said the decision to slow development by FHWA “indefinitely suspends key steps” on a project state and local officials have sought for more than 15 years. “It’s unfortunate there is an expanded delay on this project, but TxDOT remains fully committed to working with FHWA and local officials on an appropriate path forward ,” Kaufman said. “We know that many in the community are anxious to see this project advance.” Harris County Judge Lina Hidalgo and Menefee said Wednesday the county remains committed to redesigning the proposal. “We do need and our community deserves an I-45 project, Hidalgo said. “We also need a project that respects the wishes of the community.” PIERCE ELIMINATED: TxDOT’s $7 billion plan to shorten your I-45 commute may displace hundreds of families She said TxDOT for the past two years has ignored suggestions from local officials and groups to make the project more transit-focused and displace fewer people. “You can’t bulldoze your way to a massive infrastructure project without community input,” Hidalgo said. “You cannot bulldoze your way through the Civil Rights Act.” Opponents of the project cheered the FHWA decision. “We have been hearing from residents daily that they are still being asked to move out of their homes,” said Molly Cook, an organizer of the Stop TxDOT I-45 group that has worked in the neighborhoods to oppose the project. “There has been a real sense of urgency around gaining clarification, and we could not be more excited that (the U.S. Department of Transportation) is taking measures to protect Houstonians from displacement when the project may still be dramatically changed.” Others said the letters should serve as a wakeup call to the state that federal officials are serious about protecting communities. “Instead of wasting taxpayer dollars on polluting and ineffective highway projects that cut through communities, we need to use our funds for more pressing needs, such as repairs and maintenance of existing roads and bridges, preserving essential public transportation systems and making improvements to local streets,” said John Stout, a transportation advocate for the progressive U.S. Public Interest Research Group. The letters reaffirm a request from federal officials in March that work on the controversial project halt until the concerns over equity and the freeway’s design are addressed. Federal officials sent TxDOT the letter after Hidalgo raised objections in May that the highway agency was acquiring property through purchases and eminent domain. “We share the concerns raised by your recent letter suggesting that TxDOT is not engaging in the pause and may be proceeding with other aspects of the I-45 project,” wrote Achille Alonzi, FHWA’s division director for Texas. In a letter to TxDOT Executive Director Marc Williams, FHWA officials said any pause applies to “right-of-way acquisition, including solicitations, negotiations and eminent domain, and final design activities.” Further, federal officials said they are reviewing its agreement with TxDOT signed in December 2019, that allowed the state transportation agency to approve its own environmental impact study and move forward on the project. Texas and California have authority to approve their own projects, provided they show they complied with federal law. The review, which critics have called an audit, means federal officials will double-check Texas’ process, which could take months. TxDOT’s planned reconstruction of the aging freeway, which the agency approved in February, would rebuild I-45 from downtown Houston north to Beltway 8 and add two managed lanes to the center of the freeway. No general use lanes would be added, with all of the widening needed to add the managed lanes, expand frontage roads in some spots and bring freeway interchanges and ramps up to modern standards. The proposed project also would significantly reconfigure the downtown freeway system by moving I-45 to follow Interstate 69 on the east side of the central business district and Interstate 10 north of Buffalo Bayou. BIG BUSES: Metro about to draw first hard lines along Richmond, Westpark, Lockwood for BRT route The challenges, in court and in the federal bureaucracy, shelve what was poised to be the region’s largest infrastructure project in history, but also among its most disruptive. More than 1,000 residences and 300 businesses would be impacted by the widening. Critics, who have increased their opposition in the past five years, argue TxDOT did not do enough to avoid widening the freeway in low income and minority communities and has failed to adequately mitigate the health and quality-of-life effects of a larger I-45. Though the project faces intense opposition from residents who live along the route, the TxDOT plan continues to generate support from regional leaders. The Houston-Galveston Area Council, which doles out federal money and has contributed $100 million to mitigate the project, repeatedly has approved it and continues to list it in its own upcoming plans. Hidalgo said she believes that support is based on a “reluctance to change” by officials who consistently have favored freeways over expanded transit. “Some folks, and I think everybody with good intentions, developed this project with the old way of thinking,” she said. The pause comes as some Houston-area officials said they were hopeful those concerned about the project and highway officials were working through some of the differences. Houston Mayor Sylvester Turner and Texas Transportation Commission Chairman J. Bruce Bugg last month confirmed ongoing discussions could help reach a consensus. “I am very hopeful those discussions will bear fruit and have positive results,” Bugg said during the monthly transportation commission meeting. OUT OF CONTROL: Texas roadway deaths ‘going the wrong way’ as 2021 looks to be risky year for driving Turner has struck a different tone than many opponents who say the project should be stopped, including remarks on May 27 to the Transportation Advocacy Group - Houston Region, an association of business officials, construction, engineering and design firms. “If we genuinely work together in good faith … this project can move forward,” Turner said. Rather than oppose the project, which Turner has said could be the model for modern metro freeway design, he has sought support from TxDOT to improve it, particularly in terms of flood control and reconnecting neighborhoods. “This is a different time and we must do things differently,” Turner told the crowd, though he did not offer specifics on how exactly TxDOT could widen the freeway and rebuild local streets. Nonetheless, he said, the state cannot proceed without local approval. “It must be done in collaboration, in partnership, with Houston and Harris County, and not without their support,” he said. “I am hoping we can find it.” dug.begley@chron.com",Negative
"Critics of the plan to remake Interstate 45 north of downtown Houston filed a nearly 100-page complaint to federal officials Thursday, urging even greater scrutiny of the project’s effects on minority communities, an analysis they say state highway officials consistently have avoided. In the complaint, filed with the Federal Highway Administration, opponents of the current project accuse the Texas Department of Transportation of spending years promoting and designing a project that residents consistently told them would tear the fabric of nearby neighborhoods. Many of those neighborhoods are majority Black and Latino communities, the complaint notes, which TxDOT failed to adequately consider. “Throughout the… planning process, which has gone on for almost 20 years, less-discriminatory alternatives have been raised by multiple stakeholders, but TxDOT has repeatedly rejected those alternatives and clung to a project that imposes highly disproportionate and adverse effects on Black and Hispanic/Latinx neighborhoods, compounding its previous discriminatory actions and the disproportionate effects of bulldozing highways through these neighborhoods originally,” the complaint stated. The complaint was filed by Air Alliance Houston, LINK Houston, Stop TxDOT I-45, Texas Housers and Texas Appleseed. All have been active with residents in opposing the I-45 project, estimated to cost at least $10 billion. In a statement, TxDOT Chief Communications Officer Bob Kaufman said officials were “continuing to work with FHWA to resolve any areas of concern that they may have.” “That said,” Kaufman continued in an emailed statement, “most people who have been following this project know that the I-45 improvement project will create major safety and operational improvements to an old and congested corridor along with quality of life enhancements for residents, businesses and others.” PAPER CHASE: Fake tags are flying out of Texas' DMV system by the thousands. The state may finally fix it. In addition to halting the project and asking for reconsideration of many of TxDOT’s findings and proposals to remedy the environmental effects of the project — including its effect on minority communities — the complaint asks for the Department of Justice to “play an active role in coordinating this federal investigation and any enforcement actions.” The plan to widen I-45, the largest planned freeway rebuild in Houston, stretches from the central business district north to Beltway 8 in Greenspoint. North of downtown, officials are not proposing to add any free lanes, but widening the freeway to put two managed lanes in each direction — similar to the Katy Managed Lanes along Interstate 10 — in the center of I-45. To add those lanes and make design changes necessary to improve safety on the freeway, officials said more than 1,000 homes and 300 businesses will be affected. Opponents said that is too high a price to pay in oft-ignored communities to continue years of freeway encroachment. “The health impact of increased traffic air pollution will last for generations,” said Harrison Humphreys, transportation program manager with Air Alliance Houston, in an emailed statement. State officials, since criticism of the project intensified in 2017, have said they are willing to make changes but cannot drastically change the project after 15 years of work and numerous rounds of public meetings. At many of those steps, local officials have vocally supported TxDOT’s plans, though new city and county officials elected since 2017 have taken a more critical stance. PIERCE ELIMINATED: TxDOT’s $7 billion plan to shorten your I-45 commute may displace hundreds of families - I-45 project to resume after 2-year pause, as TxDOT, federal officials agree on $9.7B rebuild - Houston's I-45 rebuild is back on. Here's what happens next for the $9.7B project. - Westheimer bus, sidewalk improvements get $5M boost from feds - Metro's first electric bus has arrived, but riders won't climb aboard just yet - Metro considering $65M commuter parking garage in Missouri City to boost regional access At numerous spots, the complaint states TxDOT either ignored, failed to properly address or provided insufficient remedies to the harm the new freeway would do. Critics said the environmental effects of the project also were inadequate for many communities, far under-estimating the effect of traffic by basing some assumptions on reduced idling, when competing evidence indicates the projects will lead to more traffic and eventually the same idling conditions — simply spread among more lanes. “Children are particularly vulnerable to negative health effects like asthma, and the expansion of I-45 will increase the number of cars on the road while moving the highway closer to schools and day care centers,” Humphreys said. SHIP CHANNEL BRIDGE IS COMING DOWN: Harris County to spend nearly $300M more to fix new span, starting with demo of work already completed The complaint comes as local and state officials attempt to resolve some of the stalemate that already has delayed the project by “a couple years,” according to TxDOT Executive Director Marc Williams. Harris County agreed to briefly pause its lawsuit against TxDOT in an attempt to negotiate some changes to the project. Federal officials also lifted a small portion of the pause they ordered in March, which TxDOT said was a sign of progress. Various agencies, including TxDOT, Houston’s planning and public works departments, Harris County and the Houston-Galveston Area Council, which acts as the metropolitan planning agency, are involved in smoothing out the differences with federal officials. The goal, participants said, is to find something that improves the freeway but does not come with as many of the issues communities have raised. “We do hear you, and we do hear there are problems,” Carol Lewis, a member of H-GAC’s transportation council, told a roomful of project opponents during a Dec. 8 meeting with federal highway officials organized by Rep. Sheila Jackson Lee. The complication, Lewis said, is recognizing the freeway is “not safe” as currently built and changes are needed to make it safe. She acknowledged the consensus in the community that the footprint for the planned rebuild is too wide. “It needs to be narrowed,” Lewis said. TIME OF THE SIGNS: Small city staff on never-ending mission to tell Houstonians where to go While TxDOT repeatedly has said it has narrowed the project as far as practical without reducing its ability to address current and future demand, some elected leaders have said the project cannot move forward as proposed. “There will be no decisions made without your voice being heard,” Jackson Lee assured critics at the Dec. 8 session, held in Third Ward, which has been sliced in the past by both I-45 and I-69 expansions. The majority of the pause remains in effect, as FHWA continues its investigation into earlier concerns, similar to the newest complaint, that led to the pause. Critics of the plan said the development of the freeway comes as many communities are rethinking the role of freeways in isolating minority and low income communities and could be a model of modern freeway building. “What happens in Houston could be a model for the country,” said Ines Sigel, interim director of LINK Houston, in a statement. “Enforcing the civil rights of the most affected people can move us toward an equitable transportation system that improves mobility, health, and the environment for everyone.” dug.begley@chron.com",Negative
"A $4.5 billion plan for widening an 8-mile section of I-35 in downtown Austin has fired up business owners and residents since it was released in December.

The Texas Department of Transportation’s preferred plan would expand I-35 from a range of 11-18 lanes in either direction to 17-22 lanes, when accounting for frontage, bypass and auxiliary roads, according to TxDOT.

The preferred plan reduced the number of businesses that will be displaced by almost a third, and avoided demolishing a 70-unit affordable housing complex. TxDOT will also potentially spare historic restaurant Whip In, as the owner of the building met with TxDOT in January to create a plan to stay in place.

However, community members have raised concerns over the effectiveness of the plan and the 106 businesses that were not saved.

Jimmy Baltierra, the owner of Jimmy’s Barber Shop at 2000 S. I-35 in South Central Austin, said he was shocked when he heard about the plans to demolish his business.

“I put all my money into this. It’s been two years, and we’ve built a lot of clientele since we’ve been here,” Baltierra said.

Despite the criticism the plan has received, many officials, including Austin Mayor Kirk Watson, have expressed support for a plan to revamp the stretch of I-35, which is the most-congested roadway in Central Texas and has not been updated since the mid-1970s. An average of 200,000 cars drive that portion of I-35 each day.

“The Austin region is expected to double in population by 2045,” TxDOT Senior Communications Officer Bradley Wheelis said. “If something isn’t done to mitigate congestion, the problem will get worse.”

Explaining the plan

TxDOT’s plan would sink the main highway lanes between Airport Boulevard and Lady Bird Lake and Riverside Drive and Oltorf Street about 25 feet underground, remove the upper decks, and widen east-west cross-street bridges. The plan would also add two high-occupancy vehicle lanes—lanes for buses, emergency vehicles and vehicles with multiple passengers—in each direction on the inner sections of the highway.

The project would shift all the frontage roads to the east side of I-35 between Dean Keeton and 15th Street and to the west side of I-35 from 15th Street to Cesar Chavez, creating “boulevard-style” segments.

Construction for the project is expected to take about eight years and begin in mid-2024.

TxDOT has already identified funds for the $4.5 billion endeavor without directly impacting taxpayers. The project would be funded through federal fuel taxes and sales tax revenue, which are already part of TxDOT’s budget.

TxDOT will also build the foundation for some sections of the sunken highway to be covered in “caps and stitches”—also known as decks and bridges, which will better connect residents of East and West Austin—under the condition that other public and private entities build and fund the work, according to TxDOT.

Cost estimates for the cap and stitch project have ranged from $200 million-$800 million. So far, Our Future 35—the city initiative tackling the venture—has only secured $1.5 million.

Michelle Marx, program manager for Our Future 35, said the city is looking at all funding possibilities, including land value capture—funds that are generated by the increased property values new projects bring to a city—and public and private partnerships. Our Future 35 is waiting on approval for a roughly $1 million grant from the U.S. Department of Transportation’s Reconnecting Communities pilot program to help with design plans.

“We’re fully aware that we’re going to need to pull a variety of funding sources together to make this a reality,” Marx said, adding the city may have to prioritize the most favored caps and stitches first.

A complete funding analysis on the project will be released in the summer.

Our Future 35's vision is for caps and stitches to be a source of social, cultural and economic healing as I-35 has long served as a symbol of segregation in the city.

“We’re looking beyond the I-35 project area itself into the neighborhoods surrounding it to figure out what we need to do to make sure that this project is actually helping the people who live here and not further aggravating displacement pressures or housing costs,” Marx said.

Rethinking the plan

The competing plan would have displaced 291 homes and businesses, amounting to 1,125 jobs lost. The chosen plan will displace 107 homes and businesses with 625 jobs lost.

Despite its smaller footprint and lessened effect on businesses, local groups such as Rethink 35 —a grassroots campaign exploring different options for updating I-35—have continued to question TxDOT’s plan and if it will alleviate traffic.

“[Widening highways] actually makes congestion worse,” Rethink 35 Director Adam Greenfield said, pointing to the Katy Freeway in Houston, which was widened to 26 lanes in 2011. “Three years later, evening commutes were 55% longer than they had been before the expansion.”

Lingering uncertainty

Rohit Topiwala, owner of Travis Heights Wine and Spirits and son of Amrit Topiwala who owns the Whip In building next door, is still unsure about the fate of his business, which he has owned for 20 years.

After months of assuming their businesses would be demolished, the Topiwala family met with TxDOT in January to discuss the possibility of preserving the building.

If spared, the project would still greatly impact both businesses as it would cut through the parking lot, replace the signage, and remove one of the two entrances to the shop, Rohit said. Beyond the cosmetic changes, Rohit wonders if people will even want to patronize Travis Heights Wine and Spirits or Whip In amid construction.

“I want to stay [here] but if it will cut my revenue in half, what’s the point in staying?” he said.

Rohit is now faced with the decision of whether to stay or relocate, both of which he said will be detrimental to his business.

“All I do know is if I lose my building, and I have to go somewhere else, then the years of goodwill [I] earned from the community after being there 20 years is going to disappear,” Rohit said.

In the next two years, TxDOT will respond to community feedback, release its final environmental impact statement and select a contractor for the project before beginning construction in mid-2024.

TxDOT will offer property acquisition funds and relocation assistance for businesses that choose to find another location, however, a specific amount has not been determined. Affected business owners will find out more details by the fall, according to TxDOT.

Funding change

TxDOT's Capital Express Central Plan: Our Future 35's Cap and Stitch Plan:

What is the preliminary cost? $200 million-$800 million
Has funding been identified? Not yet. The city has only secured $1.5 million.
How is it funded? Through the city of Austin and other public and private entities, but not TxDOT.
When will we know more? The city aims to complete a funding analysis by the summer.

Our Future 35 will be holding a public open house in late spring to give updates on the cap and stitch plan and hear feedback.",Negative
"County officials said TxDOT, even when it did recognize the hundreds of families they will displace and thousands more affected by the wider freeway, did nothing to respond to the county’s aim of staying within the current freeway footprint and developing a solution more in line with improving transit and reconnecting local streets.

“We cannot allow TxDOT to cut corners and fail to live up to their duty,” Menefee said. “Very early in the process they ruled out opportunities for no land expansion.”

He said the lawsuit, filed in the U.S. District Court for the Southern District of Texas, was the county’s only recourse to make sure highway officials “go back to the drawing board and make sure they are considering these issues.”

TxDOT officials said they could not comment directly on the lawsuit, but fretted that the decision to go to court stymies efforts to solve the issues that remain.

“We were looking forward to continuing our work with stakeholders on refining the plans for the project, but these plans may now be in jeopardy due to the lawsuit,” TxDOT Executive Director James Bass said.

The lawsuit was the second setback this week that could delay or derail the project. In a March 8 letter, the Federal Highway Administration told TxDOT to “pause before initiating further contract solicitation,” essentially putting the project’s engineering design on hold as it investigates whether the project properly followed civil rights-era rules for displacing residents.

The highway administration initiated the pause after receiving letters from U.S. Rep. Sheila Jackson Lee and the advocacy groups Air Alliance Houston and Texas Housers.

If the project is severely delayed from starting construction, TxDOT officials in Austin and Houston have implied that would leave hundreds of millions in state funds in limbo, and officials could choose to spend the money elsewhere in Texas.

Frustrated advocates

Advocates in the past five years have grown increasingly frustrated with what they have called TxDOT’s lack of interest in solving some of the problems in favor of moving closer to construction. They applauded the county’s lawsuit.

“TxDOT has brought this upon themselves,” said Michael Skelly, an organizer of the Make I-45 Better Coalition. “For many years, organizations and individuals from across the city have been making suggestions to TxDOT that would improve the project, reduce flooding, save taxpayers money, minimize displacement and enhance safety. TxDOT has ignored everyone.

“When TxDOT looks for who to blame, the mirror would be a good place to start,” he said.

The lawsuit, a challenge to TxDOT’s approval of the final environmental review last month, asks that all development of the project halt until the state can better analyze and resolve critics’ concerns. TxDOT officials, under an agreement with the Federal Highway Administration, can self-approve their environmental reviews if they show they properly followed national rules.

Federal officials meanwhile will determine whether TxDOT properly followed Title VI of the 1964 Civil Rights Act. While it ceded environmental review of the project to TxDOT, federal highway officials said only the Federal Highway Administration can ascertain if Title VI was properly followed.

The lawsuit and the federal review involve two separate processes, so it is unclear how either may affect the other.

That pause was cheered by Harris County Judge Lina Hidalgo, who said efforts to review the project have fallen on deaf ears for months.

“We cannot continue to support transportation policy that prioritizes cars over people,” Hidalgo said, citing the region’s congestion, lack of transit and high number of roadway fatalities. “The way we build should not focus on what is easiest for cars.”

Often, after environmental approvals, the outlet for opponents and critics of projects is federal court, leaving it to courts to decide whether planners properly considered all the impacts and adequately addressed issues ranging from flood control to displacing homes and businesses, wildlife, historic properties and trees.

Challenges typically take months to make it through federal courts, if they are resolved at the district level. Recent cases in 2015 in Illinois and 2016 in Arizona related to highways and the National Environmental Policy Act each took 14 months from filing to a decision. A 2018 challenge in Arkansas took 22 months before a circuit court review.

Long planned

Highway officials spent more than 15 years planning the rebuild of I-45 from downtown Houston north to Beltway 8, only to face increasing opposition since a draft environmental report was released in 2017. The $7 billion project includes a near-total redesign of the downtown freeway system so I-45 can be rerouted around the east side of the central business district and the elevated freeway portion along Pierce is eliminated.

The freeway will follow Interstate 10 along the north end of the central business district, then Interstate 69 between downtown and Eado. North of downtown, the project will rebuild the freeway and the key interchange with Loop 610 in Independence Heights and the Northside.

No additional general use lanes will be added to the freeway, though some frontage roads will be widened. All of the added space is the result of changes to the design of the aging freeway or room needed to add two managed lanes in each direction to I-45. The lanes, similar to the Katy Managed Lanes, would allow for transit and carpools to operate in both directions.

Highway officials have said the managed lanes would help relieve traffic and congestion and encourage transit use, something critics have said obscures that any freeway widening inherently encourages more cars to idle in heavy traffic. Opponents said high demand from suburban drivers who wish to commute quickly to downtown jobs should not come at the expense of neighborhoods that historically have borne the brunt of freeway work.

“The (project) is based on antiquated ideas, continuing the systemic racism and environmental injustice of past freeway projects,” said Susan Graham, an organizer of Stop TxDOT I-45. “Moving forward would further cement the car-centric paradigm in Houston.”

Plans call for displacing some or all of the property along the freeway where 1,100 homes — most of them apartments and public housing — and more than 340 businesses, five churches and two schools are located.

To eliminate or reduce those displacements, Houston Mayor Sylvester Turner and Hidalgo have said the managed lanes could be converted to a more transit-focused option and the freeway can stay in its own boundaries. Those proposals, which are not directly addressed by the final environmental report TxDOT issued, have gained support among advocacy groups.

“We want to see a revision of the project’s plans that updates the highway in a way that prioritizes the people who live along the highway, avoids assumptions that wider or faster is better, and works towards a transportation paradigm supported by the Mayor Turner and Judge Hidalgo,” said Oni Blair, executive director of LINKHouston, which has opposed the TxDOT design.",Negative
"Local transportation officials now have skin in the game when it comes to widening Interstate 45 north of downtown Houston, approving on Friday a $100 million commitment for the project that has drawn increasing scrutiny and criticism from affected communities. After five hours and nearly 60 residents — as well as Harris County officials — urging delay of the approval until the Texas Department of Transportation answered lingering questions, however, the go-ahead from the Houston-Galveston Area Council’s Transportation Policy Council fell well short of full-throated support. “It is one thing to listen, but it is very important we are responsive,” Houston at-large Councilman and transportation council Vice Chairman David Robinson said, telling TxDOT the city’s support comes with the expectation the concerns will be addressed. “We will not support a project that is not in the interest of our citizens,” Robinson said. TxDOT officials requested $100 million from H-GAC for the center segment of the project, from Interstate 10 north to Loop 610, estimated to cost $1.2 billion. TxDOT would cover the remainder of the cost. The local money would come from federal funding controlled by the transportation council. PIERCE ELIMINATED: Massive I-45 project will remake Houston freeway spine, but at what cost? Though the decision affects only the center segment, criticism is growing along the entire $7-billion-plus, 25-mile project from downtown Houston north to Beltway 8. TxDOT proposes adding two managed lanes in each direction the length of the rebuild, which will require the acquisition of 319 residences and 264 businesses north of Interstate 10; another 916 residences and 68 businesses would be affected by the construction around the central business district, where the project would lead to a near-total redesign of the freeway system from Interstate 69 and Spur 527 to I-10 and I-45. A major part of the proposed project would remove the elevated section of I-45 along Pierce Street and shift the freeway to flow along I-69 on the east end of the central business district and then follow I-10 along Buffalo Bayou back to where I-45 heads north of downtown. Construction of downtown segments could start as early as 2021, while the center segment work is not expected to start until late 2023 or early 2024. The sheer enormity of the project has led to widespread air quality concerns and neighborhood-specific fears along the 25-mile route. That has led some to encourage slow-going before local officials commit their money. “If it feels wrong and feels rushed, it is because it is wrong and is rushed,” Harris County Judge Lina Hidalgo told colleagues on the transportation council Friday. “It is only responsible to wait.” GRAND PARKWAY GONE: TxDOT may take tollway out of future highway plan Hidalgo was the sole no vote against the $100 million, after her proposal to delay the commitment to January 2020 was denied. Harris County Precinct 2 Commissioner Adrian Garcia abstained on the vote to commit the money. They were hardly the only people in the H-GAC conference room opposed to moving forward, which grew so crowded an overflow room was opened. Sixty-five people spoke during public comment, 59 of whom urged officials to delay committing the money or reject the widening plan outright. “This plan is not a good plan for the city of Houston and represents the past and not the future of transportation in the City of Houston,” former district judge and Metropolitan Transit Authority board member Dwight Jefferson said, noting how prior freeway projects — including I-45 — cut large gashes in black and Latino communities. “The time has come to say no more,” Jefferson said in a fiery speech that drew loud applause. “No more communities dissected, no more families displaced, no more businesses sacrificed.” Transit advocates, environmental groups and neighborhood groups have aligned to criticize how the project will claim 1,200 residences and exacerbate air quality and noise woes in communities already cut by the freeway. “We need to be thinking not just about moving cars, but about connecting people to economic opportunity, creating great walkable places that people enjoy,” said Bakeyah Nelson, executive director of Air Alliance Houston. More assurances and specifics must be provided to those who face displacement by the project, said Rhonda Skillern-Jones, a Houston Independent School District board member who works as a community liaison for Harris County Commissioner Rodney Ellis. METRO MOVING FORWARD: Houston’s long-range transit plan could go to voters without some specifics Even many skeptics of the project agree TxDOT officials have done an unprecedented amount of listening to the community via years of public meetings and sessions with civic clubs, advocacy groups and neighborhood councils. Those efforts will continue, said Quincy Allen, district engineer for TxDOT in Houston. “We haven't communicated as well as we needed to,” Allen said, pledging the agency will redouble efforts to gather input and try to find solutions. Allen pressed officials to offer the $100 million now because state officials are updating Texas’ 10-year transportation plan, and Houston-area TxDOT officials want to make sure the project is included. The Texas Transportation Commission, eager to spend transportation money on major projects, can add the project this year to the 10-year plan. A lack of support from local officials jeopardizes that, Allen and others said, which could mean getting back in line for funding. “If we don’t show the transportation commission we have an interest in this project, those dollars will be gone,” said state Rep. Dennis Paul, whose wife is Eliza Paul, deputy district engineer of TxDOT’s Houston district. “I think we need to get this process moving.” SAFER STREETS: Texas transportation leaders to aim for zero roadway deaths Friday’s vote, while a major show of support and commitment of money, will not be the final time H-GAC’s transportation council will debate widening I-45. The money still must be added to the agency’s upcoming plans. If the project stays on track to start construction in late 2023, it likely would need to be included in H-GAC’s spending plan, which requires the transportation policy council to approve it, as part of a batch of projects in 2020 or 2021. By then, the expectation is TxDOT will have more support from the community, or still face mounting criticism — and however that goes will give local transportation officials more certainty on which way to vote, a handful said. “If we do not do this right we will continue to perpetuate the distrust of big government in these communities,” said Houston District K Councilwoman Martha Castex-Tatum. dug.begley@chron.com",Negative
"The Texas Department of Transportation is allegedly threatening retaliation against the whole Houston region because advocates continue to fight a highway expansion that the agency knows will have a harmful impacts on communities of color — but if the advocates successfully get the initiative shut down, it could be a model for other communities fighting bad road projects of their own.

In a Dec. 16 civil rights complaint filed with the Federal Highway Administration, a coalition of regional advocates accused the Texas DOT of continuing to press for the North Houston Highway Improvement Project, despite the fact that the notorious highway expansion is already the subject of an ongoing federal civil rights investigation that has prevented the agency from soliciting contracts to build it since March.

The complainants also say the agency used a manipulative public comment process to successfully campaign to get the ""improvement"" project — which has long been on the list of great American highway boondoggles — included in its 10-year plan without addressing advocates' concerns, and then threatened to reallocate funding intended for other Houston-area transportation initiatives in retaliation against local officials who have opposed their efforts.

We’ve partnered with @airallianceHOU, @LINK_Houston, @StopTxDOTi45, and @TexasHousers to file a complaint against @TxDOT ’s proposed highway expansion that will adversely affect Black and Brown populations in Houston.
Check out the press release: https://t.co/ZjUZUn7QUl pic.twitter.com/6nfukiG6XS

— Texas Appleseed (@TexasAppleseed) December 16, 2021

Largely focused on Interstate 45, the North Houston Highway Improvement Project would re-route and expand about 25 miles of Texas freeways, displacing nearly 1,000 households (including 486 residences specifically serving low-income people), 344 businesses and scores of critical community services in the process. The people who would suffer those losses are overwhelmingly Black, Hispanic, and Latinx, who make up between 76 and 87 percent of the residents in neighborhoods along the corridor, and who already suffer disproportionate rates of asthma and other pollution-related diseases.

If they succeed, the complainants will be among the first in the nation to successfully make the case to the federal government that a 21st-century highway project is deliberately discriminatory — and that the impacts on communities of color are not a price worth paying for larger regional goals.

""We’re perpetuating and exacerbating the impacts of [highway projects] that have already had racist impacts for generations,"" said Madison Sloan, director of the Disaster Recovery and Fair Housing Project at public interest justice center Texas Appleseed, which co-authored the letter. ""One of the ways TxDot justifies inflicting increased air pollution on BIPOC communities is that air pollution will go down regionally. But the regions where pollution will go down are predominantly White and wealthy. ... We are extremely concerned about TxDOT’s extraordinary commitment to pushing through the North Houston Highway Improvement Project as-is, even though they’ve been told repeatedly that it’s discriminatory and imposing incredible burdens on communities of color.""

US DOT @SecretaryPete said today that @latimes reporting on the more than 200k people displaced for freeway projects over the last 30 years was ""very concerning"" and that the agency was beefing up its civil rights office to oversee projects funded by the new infrastructure law.

— Liam Dillon (@dillonliam) December 9, 2021

Sloan and her colleagues say that if the federal government shuts down the Houston project, it could send a powerful message to state DOTs across the nation that using federal dollars to build discriminatory highway projects will no longer be tolerated.

""What happens in Houston could be a model for the country,” said Ines Sigel, interim director of LINK Houston, which also participated in the complaint. “Enforcing the civil rights of the most affected people can move us towards an equitable transportation system that improves mobility, health, and the environment for everyone.”

That message may be more timely now than ever. The recently passed Infrastructure Investment and Jobs Act contains a historic $110 billion in largely unrestricted funds for surface transportation agencies, which many fear will be used to expand highways like I-45 without strong federal intervention that past administrations have been reluctant to exercise.

The Federal Highway Administration has already issued strong guidelines that direct states to only spend the money in ways that advance the equity, safety and health of underserved communities, but advocates say the results of the Houston investigation will test the agency's resolve to actually stop projects that fail to protect the civil rights of every resident.

And if it doesn't, advocates fear that the familiar arguments TxDOT has offered in support on the project could win elsewhere, too.

The agency did not respond to a request for comment, but it's defended the highway expansion to local media in the past, citing a 15-year planning process and numerous rounds of surveys and public meetings.

Advocates, though, say said those meetings weren't necessarily meaningful. In late June, the agency opened public comment on a 10-year Unified Transportation Program that included a question about the paused I-45 expansion, but only allowed residents to note whether they supported ""maintaining project and funding as proposed"" or ""removing project funding,"" with no space to discuss alternative options to address the aging highway, like repairing the most heavily damaged segments, or outright tearing them down.

""Doing community meetings is not the same thing as actually listening,"" she added. ""For 15 years, TxDOT has consistently gotten feedback that the [project] as it stands is discriminatory towards communities of color, and better alternatives exist. They’ve had this feedback for 15 years, and they’ve ignored it.""

'An ongoing movement'

When it comes to feedback from their colleagues, Sloan and her colleagues say TxDOT has been even less responsive — and in some cases, outright retaliatory. After advocates and local and regional government officials used the public comment period on the final environmental impact statement for the project to raise environmental and equity concerns, the coalition says TxDOT responded ""with threats to reallocate funding if they took any action to even suggest the final environmental impact statement was not compliant,"" citing an internal letter.

Time will tell whether those allegations are true — and whether US DOT agrees the planned I-45 project violates Houstonians' civil rights. But whatever the outcome, Sloan says the fight is just part of a much larger effort to reckon with the ongoing racism of America's highway programs.

""We've looked to the work that communities and advocates across the country have done on these issues as models for our own advocacy,"" she added. ""We consider ourselves part of an ongoing movement to address infrastructural racism that originated in and is led by the most affected communities themselves.""",Negative
"Thousands of Houstonians are in danger of losing their homes as the state of Texas proceeds with a massive, $7 billion plan to widen almost every highway in North and downtown Houston.

Mass displacement, worsening air quality, wider segregation and more flooding are some of the outcomes experts are warning will result from the 25-mile widening known as the North Houston Highway Improvement Plan, which would enlarge Interstate 45 and adjacent highways, including I-69, over a 25-mile stretch.

Activists want to delay a vote on funding for the highway expansion that is scheduled for tomorrow, saying that more public comment is needed on the controversial project.

And no wonder. The expansion would engulf thousands of homes — 365 of them low-income housing — requiring their demolition and the displacement of their occupants. But mass displacement is just one of many harms that would be born most heavily by lower-income people living near the expanding highways.

With some portions of I-45 and adjacent highways widened by as much as 70 percent, the project has enormous, long-term implications for neighborhoods across northern and downtown Houston.

Here are some of the injustices the expansion would visit upon Houston:

Displacement

The expansion would imperil some of the more desirable swathes of affordable housing in Houston — a sprawling metropolis with little public transit or investment in affordable-housing construction.

The project will affect two public housing projects — Clayton Homes and Kelly Village in the Fifth Ward — destroying 368 units of low-income housing, 60 of which house formerly homeless veterans. In all, Texas proposes leveling 168 single-family homes and 1,067 multi-family units, including apartments, townhouses, and condominiums.

Clayton Homes is an almost 300-unit public-housing complex, a series of modest but attractive townhouse-style dwellings built in 1952 and renovated in 2007. It sits right against I-69 — an 18-lane, concrete labyrinth of soaring flyovers and access roads that slices through the Fifth Ward. Successive waves of construction have brought I-69 ever closer to residents: parts of the complex are now within a few dozen feet of the elevated highway. Clayton Homes also got hammered with flooding in 2017, during Hurricane Harvey.

""US 59, now I-69, was basically built over the top of them in the 1960s and 1970s when it was built through downtown,"" says Kyle Shelton, a Houston historian.

Now, the highway will obliterate these modest but affordable dwellings.

All sorts of vulnerable populations live in the way of the highway.

Among the thousands of Houstonians who would be displaced is Kathryn Kundrod, a graduate student who lives with two roommates in a condo right off the I-45/59 interchange.

""I’m in a much more privileged position position than most of the people that will be displaced,"" she told Streetsblog. Kathryn found out by letter two years ago that her building was slated for demolition in order to expand the highway. The condo is the only place she could find that would allow her to bike commute to her school, Rice University.

""It’s just been such a frustrating and sad situation given that the end goals probably won’t be accomplished by all the money and effort and displacement,"" she said, referring to induced demand (when highways are widened, people respond by driving more, and they become congested again).

She said she is hopeful because groups like the Make I-45 Better coalition are stepping up to oppose the Texas Department of Transportation's plan.

The project also will displace a total of 331 businesses, which employ 24,873 people. For scale, downtown Columbus, Oh., only has about 87,000 workers.

Schools/air quality

A recent study by the Air Alliance Houston found the highway mega-project will have disproportionate and serious health effects on low-income and minority neighborhoods, from worsening air quality to a greater risk of flooding — benefiting ""exurban commuter traffic"" by ""burden[ing] communities within the city and those that live, work, learn, and play in close proximity to the corridor.""

The plan would bring 26 schools and daycare centers within 500 feet of a highway — many of which already have elevated asthma rates. Bruce Elementary for example, which is near Interstate 10, has an asthma rate of 7.2 percent.

Air Alliance Houston is asking the Texas Department of Transportation to mitigate air quality by planting trees along the highways; ensuring students have safe, complete streets and crossings, and paying for high-quality air filters for the schools.

Segregation and racial disparities

The highway widening will reinforce racial disparities in Houston — including bad air quality and inadequate social cohesion — suffered by many neighborhoods. Some of the negative consequences, of course, resulted from the construction of the highways in the first place — but the widening of the highways, by as much as 70 percent in some places, will only compound the inequities, Air Alliance Houston says.

""SH-288 separates high-income, majority white neighborhoods on the west side of SH-288 from low-income, majority people of color neighborhoods on the east side,"" the group writes. ""I-45N separates residents of Independence Heights (a food desert) on the west side of the highway from the closest grocery store, which is on the east side.""

Consequently, the executive director of Air Alliance Houston, Dr. Bakeyah Nelson, is calling of the Texas Department of Transportation to reconsider the expansion, in order to ""discontinue the legacy of treating communities of color and low-income neighborhoods as collateral damage.""

""Displacing residents and destroying historical cultural landmarks for the sake of widening a highway, which will eventually meet the same fate of gridlock as the Katy Freeway, reflects outdated thinking and bears a tragic resemblance to inequitable transportation decisions from the past,"" Nelson said in a statement.

Mitigation for white neighborhoods but not for neighborhoods of color

The expansion plan does include some positive measures, such as the demolition of the Pierce Elevated viaduct, which separates Midtown from Downtown. Such mitigation plans, however, are concentrated in whiter, more affluent neighborhoods.

Meanwhile, low-income communities of color are getting the fewest such amenities, such as green spaces or decks over the roadways, Air Alliance Houston writes. Some neighborhoods affected by the project have poverty rates as high as 75 percent.

The project will increase flooding in areas that were devastated by Hurricane Harvey. It also will magnify heat-island effects — the raising of temperatures in certain areas owing to human activities — in nearby neighborhoods, both pressing environmental issues for Houston.

“We have expressed to TxDOT and local elected officials serious reservations about the air quality, flooding, and other impacts of this mega-project,” Michael Skelly, leader of Make I-45 Better Coalition, said in a statement.",Negative
"The project, already years in the making, reflects unprecedented levels of listening by TxDOT, which fairly or not has a reputation of building through communities rather than with them. Yet concerns linger over this pristine spot on White Oak Bayou, which TxDOT would crisscross with seven new spans under the current version of its ambitious plan to build Houston’s freeway of the future.

“If that happens, the gateway to White Oak Bayou Greenway will be a freeway underpass,” said Chip Place, director of capital programs for the Houston Parks Board.

The parks board and nearly two dozen other groups — joined by elected officials — have raised these and a number of other issues with the freeway redesign following the release of the project’s draft environmental report. Disenfranchised communities fear rebuilding the freeway and its connector ramps will further cut them off from economic gains so that other people can shave a minute or two from their daily commutes.

Their message is clear: Houston has one chance in five decades to remake the spine of the region’s north-south traffic movements. Good isn’t good enough. It has to address everything to the best of everyone’s abilities.

“The only thing that will improve the project is dialogue,” said Michael Skelly, an energy executive, parks board member and co-organizer of the coalition formed to focus concerns about I-45 to the state. “I think we have put together a sufficiently broad group of organizations that (TxDOT) should have a good sense of the issues and informed, articulate, concerned stakeholders that they can work with.”

Transportation officials insist they are working toward the same goal — a good project for everyone — but can’t wait much longer to start a project that will take more than a decade to complete.

“We are trying to make this project fit the community as much as we can,” said Quincy Allen, district engineer for TxDOT in Houston, adding that plans call for improved trail access and burying portions of the freeway to reduce noise.

“Those are not going to be easy things to do, but we are committed to doing them,” Allen said.

In dramatic terms, this project will determine not only how Houstonians will travel along I-45 and around it but how TxDOT builds the next generation of highway systems with considerations for local traffic, bicycling and pedestrians.

“Were TxDOT to ignore all of these suggestions about how to improve the project … I think a lot of people would raise legitimate questions about the process,” Skelly said. “I don’t think that is going to happen, but I think people would be concerned if it did.”

Moving forward

Coalition members have asked TxDOT to revise the draft environmental report released last year and do a supplemental draft — thus delaying some approvals for months and potentially more than a year. The supplement is needed so communities and advocates can see, in writing, exactly what commitments TxDOT can make, based on more study.

TxDOT officials are moving ahead, in hope of having the federally required record of decision needed to start the project in a matter of months.

“We have reviewed the information and their concerns,” spokeswoman Raquelle Lewis said. “There is not anything based on where we are in the process to a get a record of decision that requires us to get a supplemental.”

Officials plan to start work on the widening in late 2020 or in 2021. The entire widening northward to the Sam Houston Tollway is likely to take more than a decade, and it could be seven years or more before any of the segments open.

Work on the project started in 2004 as a comprehensive study of travel needs along the I-45 corridor.

After years of additional study, design and public comment, TxDOT settled on a plan to add two managed lanes in each direction to the center of the freeway and to redesign nearly every freeway interchange along the way. The managed lanes, which officials have described as HOV lanes or MaX lanes aimed at improving transit and carpooling, would end in the central business district.

None of the current plans is based on tolling as a way to pay for or control use of the lanes. Officials have not definitively ruled out opening the lanes to toll-paying solo drivers, however.

To reach this point, officials canvassed communities and held years of planning meetings, including during and after the environmental analysis was unveiled last year.

“We have not dodged one meeting, one person, one group,” Allen said. “Currently, we are trying to stay the course of the process, and that’s let’s go through the comments from the comment period.”

The most radical changes come downtown, where relocating I-45 to the central business district’s east side also means remaking every freeway it touches — Interstate 10, Interstate 69 and Texas 288. The downtown portion, which alone is expected to cost at least $3 billion, includes burying I-45 and I-69 as they run parallel east of the George R. Brown Convention Center.

The sunken freeways also could be capped, allowing for a space along the convention center rivaling Discovery Green to the west, and further connecting EaDo and the business district.

Neighborhoods, meanwhile, face their own unique challenges, which TxDOT has compiled via a historic level of community meetings and public hearings. Observers have said the amount of input this project has received makes it the most-discussed freeway project in Houston history and one facing a new level of scrutiny following torrential floods in 2015, 2016 and the remnants of Hurricane Harvey last August.

The widening also is coming at a time of upheaval — and promise — for many of the neighborhoods. Downtown, Midtown and EaDo officials have said burying the freeway and removing the elevated portion of I-45 along Pierce has huge potential for economic development.

But some neighborhoods to the north see their communities spiraling further. Tanya Debose, executive director of the Independent Heights Redevelopment Council, worries the expanded I-45 will finish erasing the past of one of Houston’s original black settlements.

Independence Heights, once its own city before founders reluctantly agreed to annexation by Houston, long was ignored by wealthy city leaders. Then it was sliced apart for Interstate 45 and again for Loop 610 in the early 1960s. The new widening project could claim hundreds of apartments and some businesses along the southbound frontage road.

There might be some benefit to sprucing up some of the sites along the frontage road, Dubose said, but the removals also would mean losing hundreds of residents — some with long ties to Independence Heights.

“One of our missions is make sure there is a place for everyone,” Debose said on a tour of the neighborhood.

Many folks in the neighborhoods along White Oak Bayou also want to ensure the project protects both sides of the freeway. Long cut off from the gains in the Historic Heights, businesses and residents in the Northside are imploring TxDOT to consider how some of the changes will fit into the community.

A planned detention basin along I-45 near Patton is one example. Currently home to a truck stop, the site is sought by TxDOT for a huge stormwater drainage basin near Little White Oak Bayou. Allen said after three successive years of record flooding in Houston, he directed engineers to reconsider all drainage standards along the project.

Typically, TxDOT designs based on state and federal estimates for 100-year flood events.

“We’re going above that,” Allen said. “Now you’re thinking ‘Are you going to 500-year Quincy?’ No, we’re just going beyond the norm. … It is not practical and feasible to design to a 500-year standard.”

The reconsidered stormwater plans will capture runoff not only from the freeways but from surrounding communities, some plagued with flooding woes, said Varuna Singh, director of special projects for TxDOT’s Houston office.

In losing the truck stop, however, the community is losing an asset and wants one in return even if it pulls double-duty for drainage.

“The concern there is we don’t just have a hole in the ground — that it can be an amenity,” said Rebecca Reyna, executive director of the Greater Northside Management District.

In many of the neighborhoods, frontage roads pose perhaps the greatest challenge. Lined with shops that neighbors frequent, they are ripe for economic potential, but the freeway and frontage roads also become barriers. Reyna said softening that divide with better bike lanes and crosswalks and green spaces could help the freeway blend into the community, as opposed to scarring it.

“Bring it together, and the economic development could grow on both sides,” Reyna said.

As the Houston area has grown, its thinking on transportation projects has evolved, forcing transportation officials to consider how freeways align with the local streets in various communities.

Skelly said in many places, that’s a simple fix the coalition and others need TxDOT to address. Safer bicycle and pedestrian crossings of frontage roads, for example, can be obtained by widening sidewalks or avoiding wide turn lanes that push crossings back from the view of turning drivers.

“These are issues that have grown in importance over the last decade,” Skelly said. “I think there is a higher level of sophistication of how all these pieces of the city fit together.”

Other challenges, such as how to preserve that pristine segment of White Oak Bayou, could wind up forcing observers and highway officials to make a choice of what they value most.

The vantage from the 3,200 feet of trail and bayou yields skyscrapers and overpasses no matter where you turn. Along the bayou, though, there’s just grass, wildflowers in the spring and birds looking for a quick meal along a running and biking path popular with pedalers headed to downtown jobs.

Parks board and coalition officials haven’t given up hope of finding a feasible way to widen three freeways and either protect or mitigate Houston’s natural spaces.

Coalition members said without someone telling the state highway builders what is wrong, they cannot make it right. Skelly said the group just wants it to be the best possible plan — and become a playbook for all the plans to come.

“Assuming that we work and this dialogue produces a better project, I think TxDOT will become institutionally better at developing projects,” Skelly said. “I think they already have shown some of that. We just want them to show it more.”",Neutral
"HOUSTON - Federal and state agencies have reached an agreement to allow the I-45 expansion project near Downtown Houston to move forward, officials announced Tuesday.

The Texas Department of Transportation said they and the Federal Highway Administration signed a voluntary resolution agreement to resolve the FHWA Title VI investigation of the project and lift the federal agency's pause on the project.

TxDOT said the agreement with FHWA takes steps to address project impacts to the community and provides timelines that will be monitored by the FHWA.

""This agreement moves forward an important project, responds to community concerns, and improves the North Houston Highway Improvement Project in ways that will make a real difference in people's lives. Through this agreement the community will have a greater voice in the design and throughout the project's life cycle,"" said Federal Highway Administrator Shailen Bhatt. ""We have lifted the pause, and with FHWA oversight, TXDOT may proceed with design and construction.""

The project, which has been in the works for nearly two decades, has remained on hold since March 2021, when the Federal Highway Administration began reviewing civil rights and environmental justice concerns raised about the proposal.

The $9 billion project will reconstruct I-45 North between Houston's downtown and the North Sam Houston Tollway. Supporters said it would enhance driver safety, help to reduce traffic congestion, and address flood mitigation and disaster evacuation needs. But the project’s critics — including community groups and some residents — said it wouldn’t improve the area’s traffic woes and would subject mostly Black and Latino residents to increased pollution, displacement and flooding while not improving public transportation options.

In December, Houston Mayor Sylvester Turner said that after much discussion over nearly the past two years with TxDOT, local officials planned to back the proposal. Turner said state officials gave commitments that the project would provide funding, including an additional $30 million, for affordable housing for those displaced by the project. The mayor also said that TxDOT also agreed to provide more resources to address flooding, provide more green spaces and trail connections, and limit the project’s footprint by only taking what land and structures are needed for it.

In December, Harris County also announced the resolution of its 2021 lawsuit against TxDOT under the National Environmental Policy Act.

In a statement on Tuesday, Harris County Attorney Christian D. Menefee said, ""The FHWA agreement announced today bolsters the county’s and city’s agreements with TxDOT from late last year. Many of the commitments TxDOT made to the county and the city are now subject to federal government monitoring and enforcement throughout the projects design and construction. I’m glad the federal government ratified and built on the work done by local government – this agreement ensures the county’s and city’s interests will be considered during the life of the project.""

Houston Mayor Sylvester Turner also said in a statement, ""After years of negotiations, the North Houston Highway Improvement Project can now be the project Houston deserves it to be. A project that addresses I-45’s repeated flooding while maximizing the opportunities for people to stay in their homes and neighborhoods. It is a project that helps people and goods travel through the region while encouraging people to travel between our neighborhoods without impacting them. A project that can help knit back together our downtown and improve the air we all breathe. I thank the many project partners and stakeholders that have brought us to the point, including FHWA, TxDOT, Harris County, METRO, and especially our residents.""

Houston and Harris County leaders react

The City of Houston released the following statement on Tuesday:

Mayor Turner has repeatedly stated that the North Houston Highway Improvement Project (NHHIP) is a potentially transformative project with the chance to chart a new course for transportation in the region. This was the foundation for the Memorandum of Understandings between the City and Harris County, and TxDOT and is now further memorialized by the Voluntary Resolution Agreement (VRA) between the Federal Highway Administration (FHWA) and the Texas Department of Transportation (TxDOT), including key topics that echo between the agreements:

Potential for Footprint Reduction

Displacements, Relocations, Housing and Community Mitigation

Flooding Mitigation

Air Quality Mitigation

Potential Green Space Caps

Parks, Open Space, Trails, and Bike/Ped Enhancements

Access During Construction

Continued Multilingual Community Outreach

""After years of negotiations, the North Houston Highway Improvement Project can now be the project Houston deserves it to be,"" said Mayor Sylvester Turner. ""A project that addresses I-45’s repeated flooding while maximizing the opportunities for people to stay in their homes and neighborhoods. It is a project that helps people and goods travel through the region while encouraging people to travel between our neighborhoods without impacting them. A project that can help knit back together our downtown and improve the air we all breathe. I thank the many project partners and stakeholders that have brought us to the point, including FHWA, TxDOT, Harris County, METRO, and especially our residents.""
The mitigation measures for the topics identified in the VRA are now a component of the NHHIP environmental review process, with status and weight equal to the Final Environmental Impact Statement and Record of Decision, coupled with enforceability measures and monitoring and reporting requirements.
With the execution of the MOUs and the VRA, the City of Houston is prepared to reengage TxDOT on all segments of NHHIP, restart robust engagement, and see the NHHIP project move from two decades of planning to successful completion.

Congresswoman Sheila Jackson Lee shared the following statement:

""First, I would like to thank the County Judge, the Mayor and Council Members, Commissioners and County Attorney for their hard work. The U.S. Department of Transportation has now finalized its agreement with the Texas Department of Transportation (TxDOT) on the communities' Title VI complaints regarding the fairness and equity of the I-45 project. In the review given to me by the U.S. Federal Highway Administrator, it is evident that the detailed work and efforts made by the U.S. Department of Transportation to ensure enforcement of provisions that will provide a better quality of life, a better project and a better response to the needs of our communities in the path of I-45 County Attorney for their hard work in answering the community's concerns highway project was done carefully to answer any number of urgent concerns among others, air quality, housing loss, impact on parks and historic trails and signs, access during construction, and responsiveness to ongoing problems of the community in the I-45 transportation project. I have worked on this issue from its beginning as I sought to represent constituents' views that there must be a better way, a smaller footprint, a better design, and an elimination of the huge destruction of housing. I approached the U.S. Department of Transportation as TxDOT began to try to explain the project. I am grateful for the attention that the U.S. Department of Transportation gave, and I am grateful to the community members and organizations who appropriately filed a Title VI complaint. Following the submission of those complaints, the Federal Highway Administration followed best practices to answer the concerns. However, we all remain cautious and diligent in determining TxDOT's compliance. So, I was particularly glad that the Federal Highway Administration listened and put in very strong enforcement elements between the Department of Transportation and the Department of Justice. The agreement includes required public meetings every year. It requires an Ombudsman to be established so that all the aspects of the agreement will be noticed and remembered and that TxDOT will have to comply based upon the enforcement mechanism. Additionally, we are glad for required public meetings. Our work is not completed. I will remain available to my constituents.""

Harris County Precinct 2 Commissioner Adrian Garcia has issued the following statement:

""What has felt like a lifetime of negotiations on the future of I-45 has finally come to a fruitful end. Harris County residents should be thrilled we have an agreement on this long-overdue project. All the work done by community groups, made up of concerned citizens, made a difference for our local, state, and federal partners in achieving this agreement.

Thanks to the support of FHWA we have a better and safer I-45 project, which is almost entirely in Precinct 2, which means thousands of good jobs and brings billions of our taxpayer dollars back home. It allows Harris County to continue to fuel the Texas and national economy.

I’m thankful to everyone who advocated, TXDOT, County Attorney Christian Menefee and his team, and our congressional and state delegation for this historic agreement. This project, once complete, will make a lifetime of positive difference in the lives of so many who choose to call Harris County, Texas home.""

Bob Harvey, President and CEO, Greater Houston Partnership released the following statement:

""Houston is a region focused on creating growth and providing opportunity, both of which depend on modern public infrastructure. The I-45 project is key to improving the mobility of people and goods across the entire region, while also creating jobs, reconnecting neighborhoods, expanding greenspaces, and addressing flood mitigation.

We are grateful to officials at the Federal Highway Administration, TxDOT and the Texas Transportation Commission particularly former Commissioner Laura Ryan, the City of Houston and Harris County who worked together to resolve the remaining issues and to move this transformational project forward.""",Neutral
"It is all over but the shouting ... and the design and the construction of Houston's largest freeway rebuild.

The Texas Department of Transportation and Federal Highway Administration have resolved their differences and come to agreement on a plan to proceed with the $9.7 billion reconstruction of Interstate 45 north of downtown Houston, which will remake nearly the entire downtown freeway network.

The deal is, perhaps, the final word on whether the project happens or not, but also likely not the last time the topic will be subject of intense debate. The freeway rebuild has taken 20 years to get to this point, and remains years away from construction. Here's how the past shaped the present agreement, and what that means for future design and construction of what in many ways is the spine of Houston transportation.

What is the I-45 rebuild?

After decades, many parts of the freeway are simply outdated in terms of capacity and incapable of handling the traffic demand as designed. When the road was made a freeway in the late 1950s and early 1960s, the population of the metro region was 1.3 million. In the late 1980s, the freeway got bigger as the Houston area ballooned to 3.3 million.

Now, Houston is home to more than 7.2 million people, and that means a lot of drivers and a lot of trucks taking things out and bringing them in.

For 20 years, transportation officials have planned in some form to modernize and expand the freeway and other transportation options around it. Extending Metropolitan Transit Authority's Red Line north to Loop 610, which opened in 2013, and plans to bring the Hardy Toll Road to downtown Houston, which is in the planning stages, are both linked to the two-decade discussion of I-45.

For the past eight years, TxDOT's plan has been to add two managed lanes in each direction to the freeway, similar to the Katy Managed Lanes along Interstate 10, from downtown Houston north to Beltway 8. The project will completely remake the downtown freeway grid by moving I-45 to follow I-10 and then Interstate 69 around the north and east of the central business district. That change eliminates the elevated portion along Pierce, which is considered a divider between downtown and Midtown.

Adding those lanes, however, comes with TxDOT taking some homes and businesses to widen the freeway, add frontage roads or dedicate more land to drainage. It also comes at a cost, now set at $9.7 billion and likely to grow as prices for labor, steel and other commodities do.

What impacts would the I-45 rebuild have on Houston neighborhoods?

Based on the approved plan, the project would impact — the catchword for any structure or dwelling directly touched by the changing road boundary — 158 houses, 433 apartments or condos, 486 public housing units, 340 businesses, five churches and two schools.

Popular trails along White Oak Bayou would be radically different, as would a few local parks, although some of the agreements and TxDOT's original plans provided for new park and trail space while also adding bike lanes and wider sidewalks to many streets crossing the freeway and along the frontage roads.

Beyond that, the impacts vary but remain a sore point for many residents both for and against the widening. Freeways historically have drilled through minority and low income communities, leaving residents on the other side of freeway walls and feeling like progress is moving through them but they are cut off. That experience has left some neighborhoods worried a wider I-45 means an even longer walk along a busy freeway frontage road to the bus stop, while more cars and trucks emit pollution into the local air.

Who is opposed to the I-45 project?

A variety of groups and residents oppose some or all of the project, but the most vocal and consistent opposition has been from community advocates who say widening the freeway is a 20th Century solution for a 21st Century Houston region. Air Alliance Houston and LINKHouston, which aims to increase transit options and lower freeway reliance by residents, have said TxDOT's claims of improving air quality by allowing more drivers a free-flowing trip are bogus, and many elements of the design and mitigation plans do not do enough to compensate residents who may have to move miles from central Houston to find affordable apartments or homes.

Stop TxDOT I-45, formed specifically to oppose the plans, has called the agreements ""weak"" because they continue to allow TxDOT to skew the plans to build more lanes as opposed to forcing transit or other options to relieve congestion.

""We know from experience that TxDOT does not operate in good faith,"" the group said. ""They continue to manipulate data and use disproven population and traffic models, they strong-armed the city with the Lofts at the Ballpark demolition, and they manufactured public consent with their exclusionary survey. To expect new outcomes from their current methods is waiting for harm to occur again. Harm monitored is still harm done.""

How long was the I-45 project paused and why?

Citing the concerns about the housing loss and effects of a larger freeway in neighborhoods along the freeway, a number of residents and advocacy groups complained to the Federal Highway Administration, Harris County and Houston that TxDOT wasn't taking their opposition seriously. Houston, at the direction of Mayor Sylvester Turner, convened its own meetings to discuss possible changes to the project, then sent TxDOT its official list of suggestions.

When even that did not change the plans enough to satisfy most opponents, Harris County filed a lawsuit against TxDOT in early March 2021, around the same time federal officials told TxDOT to halt development of the project until they could look into the claims that TxDOT didn't adequately consider the complaints or provide enough public comment in low-income and minority communities.

Because TxDOT is using federal money to pay for the project, it has to comply with the National Environmental Policy Act, which covers virtually anything affected by the proposed project. If TxDOT's plan threatens something, such as an endangered species, it must account for that and provide mitigation to balance the loss. The same applies to affecting a neighborhood, such as additional sound, added pollution from vehicles or even loss of park space.

The pause and city-county opposition brought many community groups and officials to the bargaining table with TxDOT, to resolve the issues they said state highway officials failed to remedy. Federal officials held their own public meetings, and worked with TxDOT, as Houston and Harris County did the same.

In December, months of discussion led to the county dropping its lawsuit and entering into an agreement with TxDOT. Houston did the same, with Turner saying the project was finally the ""transformative"" project he hoped for.

What are the next steps for the I-45 project?

Immediately, TxDOT can get back to work without the federal pause. While it has clearance to build it, with the federal oversight and stipulations outlined in the deal, TxDOT also has a lot of details to work out, ranging from how Metro's Red Line and Wheeler Transit Center will work above a buried I-69 to final plans for structural caps near the George R. Brown Convention Center and North Main Street on the North Side.

That's in addition to the normal final designs, and redesigns that TxDOT has agreed to as part of the federal deal. A key provision is that TxDOT ""remains committed to evaluating reasonable opportunities to reduce the project footprint,"" meaning a rethinking of many locations to see if the new larger freeway can fit in a smaller space.

When could construction start on the I-45 rebuild?

Some work, very early improvements along I-69 at Spur 527, could start within a couple years that are more tailored to getting the rest of the freeway project ready. The bulk of the work, likely to move clockwise from Midtown to Third Ward and then through EaDo and into Fifth Ward, will not start until 2027.

In the meantime, more parts of Houston could see their own projects jump up the line, as TxDOT looks to spend available money and put aside future funds for the I-45 rebuild. While the agreement could allow TxDOT to reconsider some of the delays, officials have said the pause left them no choice but to plan for 2027.

That, in turn, has given opponents something that previously had eluded them until the federal pause: Time to argue for changes.",Neutral
"The Texas Department of Transportation and the Metropolitan Transit Authority are jointly presenting plans for a so-called Inner Katy Corridor, a project to remake the 10-lane freeway — five lanes in each direction supported by frontage roads and entrance and exit ramps — by building dedicated bus lanes, adding two managed lanes in each direction and upgrading drainage along depressed portions of the freeway.

“The commitment remains to moving the same number of single-occupant vehicles at high speed,” said Neal Ehardt, a freeway critic who advocates a more urban-focused approach that includes downsizing major highways. “We are keeping the same number of single-occupant car lanes and we are adding managed lanes. This is not the mode transition we want. It is more like mode bloat.”

Officials counter that it is a necessary step — and an unconventional one for TxDOT — to stay within the existing freeway footprint as much as possible but meet demand. They understand there are some that believe no additional lanes are needed, said James Koch, director of transportation planning and development for TxDOT’s Houston office.

“That is a nice goal to have, but where we are today, we are not there,” Koch said. “We still have traffic and congestion today and we are dealing with those things. I understand the passion those folks have, but not everybody wants to get on the bus.”

Comments for this phase can be submitted to TxDOT or Metro until March 31. Because of the COVID-19 pandemic, officials created a virtual meeting room, also available until March 31.

Planners have three objectives for the eventual project along the I-10 corridor:

Building dedicated bus lanes along the freeway to extend Metro’s bus rapid transit from the Northwest Transit Center near Loop 610 to downtown Houston.
Improving drainage along the segment where I-10 is below local streets, from Patterson to Loop 610.
Adding two managed lanes in each direction and improving carpool access by eliminating any gaps where HOV drivers mingle with general traffic.

Different timelines

Those objectives would be broken up into multiple projects, likely with different timelines.

Metro’s bus lanes, for example, already are funded via the transit agency’s capital budget and money controlled by the Houston-Galveston Area Council, which distributes some federal highway funding. Provided Metro is ready to proceed, construction of the $227.5 million bus lane project is set to begin in 2023 and open in 2025, according to H-GAC’s five-year plan.

TxDOT’s managed lanes are not included in upcoming spending plans, with officials saying the current timeline would be to start construction in 2027. The goal, Koch said, is for TxDOT to have some idea of what people prefer so the Metro bus lanes can be built without interfering with what the state constructs in the future.

Still, transit cannot meet everyone’s travel needs, officials said. Demand during peak congestion periods already exceeds I-10’s capacity at times, based on pre-COVID levels. Predicted population growth in the area will only make that worse

In 2019, officials said 297,000 vehicles used I-10 daily around Shepherd Drive. By 2045, daily traffic is expected to rise 26 percent to 374,000.

Where TxDOT and critics differ is how to meet that demand. Highway officials opt to build for it, but in a different way.

“Looking at it from a pure highway project, we would be looking at adding up to three lanes (in each direction),” Koch said. “That’s off the table. There is not much room here to work with, so we have to come up with better solutions.”

The transit lanes have a chance to radically improve the quality of bus rides in the corridor and the region, said Christof Spieler, an urban planner and former Metro board member.

Relative to past freeway discussions, he said, TxDOT is part of a larger conversation about how various projects are coming together, ultimately to determine how Houston grows.

“There are signs in there of TxDOT being more creative than in the past,” Spieler said.

Dan Bell, 55, who commutes along I-10, just wants some assurance his daily drive from Katy to downtown will not get worse. Bell said he was supportive of anything that “did what people want, not what elected officials want people to do.

“I’m all for buses and trains, if that’s what people want,” Bell said. “I know a lot of people want to drive.”

Three concepts

The broad question TxDOT is asking the public now is where to put the managed lanes. Designers have come up with three concepts.

One places the managed lanes in the center of I-10, virtually the same way the Katy Managed Lanes flow outside Loop 610 along the freeway.

That proposal has sparked alarm among residents, notably in Rice Military near Memorial Park and in the Heights, where homeowners worry that a wider freeway would carve a bigger gash in the neighborhoods. Designers estimate that widening the freeway that way could mean acquiring up to 115 feet north of the existing freeway in some places, which would eliminate some homes and businesses.

The second and third options likely would require less property — about 45 feet at most — but also have raised concerns among neighbors because they rely on elevating the managed lanes next to either Metro’s busway or the opposite side of the freeway.

“No one wants to live next to a giant freeway, with an overpass outside their window,” said Rachel Green, 36, who lives between Washington Avenue and I-10 near Patterson. “I would expect many people would just move, move far away.”

Area neighborhood groups said they are aware of the proposals but have not finalized their responses.

Meanwhile, TxDOT also needs to address flooding issues in the corridor that it created. When the state depressed I-10 from Shepherd to Loop 610 — at the behest of the neighborhood that opposed an elevated freeway — it created its own drainage channel. Though TxDOT built a massive runoff system and pump stations, it has failed to keep I-10 open in major storms. Notably, during Hurricane Harvey, the freeway turned into a pond that took days to recede.

To correct it, officials are planning new detention basins close to Loop 610, north of I-10, on existing railroad property.

Region relevance

While all of the projects in the corridor are being studied, the ultimate decisions in many ways will affect the entire western half of the Houston area.

The managed lanes under consideration are tied to the most contentious transportation project in the region — the $7 billion rebuild of I-45 north of downtown. Anything along the Inner Katy Corridor would connect directly into plans to reroute I-45 to follow I-10 and then I-69 north and east of the Central Business District, Koch said, in an effort to expand transit and managed-lane options around the region.

Plans for I-45, however, have divided state transportation officials and Houston and Harris County officials, to some degree because of the same issues raised by critics related to I-10: wider freeways that threaten to further divide prospering urban neighborhoods.

Ehardt, who has been active opposing I-45 at various public meetings, said those same concerns are likely to follow to I-10.

The question is whether it makes a difference.

“I struggle to think that getting in early is what it going to get TxDOT to change its approach to urban freeways,” he said. “I think they have been pretty clear.”",Neutral
"If approved this month by the transportation council, the money would not move from HGAC to TxDOT until construction begins, estimated around early 2024. The more immediate effect would be showing support for the increasingly controversial project, and would be reflected in upcoming plans. Further, it would be $100 million that local officials could not direct elsewhere in a region rife with road improvement needs.

Committing the money would have no effect on projects already planned and funded, officials said.

During a June 28 discussion about the project and about whether to commit the money, members of the transportation council were divided. Despite years of community meetings and redesigns of the project, some on the council thought the I-45 plans lack solutions for some of the problems critics identified.

“My concern is we are forced to stick our neck out and put a down payment on a house we have not seen,” Harris County Judge Lina Hidalgo said.

Others worried the region is delaying a needed and inevitable project.

“It is critical this project get underway,” Sugar Land Mayor Joe Zimmerman said.

Pass up the commitment, transportation officials said, and the state could send its money elsewhere.

“If this would not go forward,” Quincy Allen, district director for TxDOT in Houston said of the state funding offer, “I don’t know when we would have the money to go forward.”

The transportation council is scheduled to meet July 26 and is poised to decide on the money then, though officials could choose to delay. The state’s long-range plan, to be unveiled during a public meeting in Austin that will be streamed online, is set for approval in August. State officials could amend it if Houston-area leaders balk at committing the region’s share.

The massive rebuild, by many standards the largest highway project in Houston history, is broken into three segments. The first portion, perhaps the simplest in terms of design, runs from Beltway 8 south to near Loop 610north of downtown. The second segment includes a rebuild of the I-45 interchange with Loop 610 and runs south to Interstate 10. Segment three is the downtown portion, including shifting I-45 to follow I-10 and then I-69 along the east side of the central business district.

Combined, the segments are expected to cost more than $7 billion.

The enormity of the downtown segment — particularly the plan to remove the elevated segment along Pierce Street — has drawn the most attention. Advocates say it finally would connect Midtown and downtown, and a plan to bury the freeways would reduce them as barriers between neighborhoods. Skeptics worry the design further would isolate Third Ward and East End communities by putting an even wider web of freeways between them and downtown.

Those concerns follow the project north, with Near Northside residents worried about health effects from more cars emitting more exhaust and those farther north lamenting the loss of homes and businesses, along with flooding worries. Outside Loop 610, most of the concerns center on TxDOT claiming land along the west side frontage road for the widening, notably just north of the Loop 610 interchange.

“This project is continuing to sow mistrust between TxDOT and the communities,” said Harrison Humphreys, transportation policy advocate with Air Alliance Houston.

Criticism of the project, while vocal since 2015, has grown in recent months as TxDOT awaits federal approvals that could come in a few months. Downtown segments could start construction as early as 2021.

The window is closing, some transportation officials argued, for TxDOT to build the best possible project. Houston leaders are working to improve some neighborhoods, including those cut off by previous freeway projects, while encouraging development and economic growth.

“We do think strategically widening freeways are part of that,” said Houston Public Works Deputy Director Jeff Weatherford, a member of the transportation council.

The challenge will be widening while improving, something it is not clear the I-45 project will achieve.

“There is an up-welling of a very vocal group, and that group is growing,” Weatherford said, noting the project does “potential damage” to some communities. “We have got to address those concerns.”

Backers of the freeway widening stress they have worked to address every problem they can.

“We are extremely committed to this,” Allen said. “We are going to continue to receive those concerns and address them.”

Officials have moved ramps and redrawn designs to lessen some right of way needs, along with re-evaluating drainage in light of heavy rains and flooding in 2015, 2016 and 2017.

They also are addressing an existing traffic problem, said Varuna Singh, director of special projects for the Houston district, noting the downtown freeway segments and stretches of I-45 rebuilt in the project represent nine of the top 40 most congested highway segments in the state. Further, Singh told officials last week, much of the freeway simply is outdated.

“The corridor is an aging one, with some parts 25 to 30 years old,” Singh said, noting that is about the useful life of a concrete freeway.

TxDOT officials also have committed — though not yet in writing — to work with the Houston Housing Authority to replace subsidized housing displaced by the project, along with relocating some historic structures in Independence Heights, northwest of I-45 and Loop 610. Singh said officials are willing to work with communities more than required.

“We are offering resources to assist communities to secure historic designations they do not have today,” Singh said.

The road widening project does not add general use lanes to the freeway, but instead creates two managed lanes in each direction, aimed at increasing transit and carpool use. As a result, the project has vocal support from transit officials.

“Just the things in here now would be enormously beneficial,” Metropolitan Transit Authority Chairwoman Carrin Patman said, saying she was comfortable with committing the $100 million.

She called the two-way managed lanes “critical for transit,” noting bi-directional transit lanes are part of the region’s long-range transportation plan.

Others said the freeway widening plan is short-sighted at a time when Houston needs to think bigger about transit.

“The decisions we are making now are going to affect the community for decades and decades and decades,” At-Large City Councilwoman Amanda Edwards said.

Edwards, who led a HGAC subcommittee looking into high-capacity transit options for the region, pressed for more consideration in the plan for an elevated rail line down the center of the freeway, including a possible link to Bush Intercontinental Airport.

The elevated line would require TxDOT officials to acquire about 20 more feet of right of way along a corridor where neighbors have said they want to keep property losses to a minimum. Allen also said TxDOT would need funding from elsewhere, as they cannot use money meant for highways for a transit project.

To many critics, the fact there is $7 billion to widen one highway while Metro’s long-term goal is $7.5 billion in transit improvements across the region is the bigger imbalance. Susan Graham, a critic of the I-45 project, urged regional transportation officials to “repair rather than replace” I-45 and scrap the widening.

“We can no longer continue to be an automobile-dependent city,” Graham said.",Neutral
"A controversial project to widen I-45 between Beltway 8 and downtown Houston took a major step forward March 7 when the Federal Highway Administration announced it had reached a voluntary agreement with the Texas Department of Transportation on how to move forward.

The FHWA has been investigating the project, known officially as the North Houston Highway Improvement Project, since 2021 for alleged violations of the Civil Rights Act. The project—expected to displace more than 1,000 residential units, 344 businesses, five places of worship and two schools—has raised concerns that it unfairly harms communities of color, which are overrepresented in the areas that would have to be razed to make room for the expanded highway.

With the voluntary agreement in place, the investigation has ended, and TxDOT has been given permission to move forward with the design and construction of the project.

“This agreement moves forward an important project, responds to community concerns, and improves the North Houston Highway Improvement Project in ways that will make a real difference in people's lives. Through this agreement the community will have a greater voice in the design and throughout the project's life cycle,” FHWA Administrator Shailen Bhatt said in a statement. “We have lifted the pause, and with FHWA oversight, TxDOT may proceed with design and construction.”

With an estimated cost of $9 billion, the NHHIP has been under development by TxDOT since 2002. It involves adding four managed express lanes on I-45 from downtown Houston to Beltway 8 North as well as rerouting I-45 to be parallel with I-10 on the north side of downtown and west of I-69.

Other elements of the project include bicycle and pedestrian infrastructure along frontage roads and cross streets, new trails parallel to bayous; and flood control elements, such as detention ponds and pump stations. It also would bring the highway up to federal safety standards, according to TxDOT.

Terms of the agreement

The voluntary agreement provides “enforceable timelines that will be monitored by the FHWA” related to design, construction, stakeholder engagement, affordable housing initiatives, right of way acquisition and flood mitigation, according to a March 7 news release from TxDOT.

Regarding the reduction of the project footprint, the voluntary agreement does not provide specifics, instead calling on TxDOT to evaluate ""reasonable opportunities to reduce the project footprint in ways that would not compromise the integrity and functionality of the purpose and need of the project.”

During the final design of each segment, TxDOT must evaluate any changes from its previous plan that reduce the amount of right of way needed and displacements required, especially related to multifamily developments.

As part of the agreement, TxDOT has 90 days to complete a survey of all nonresidential businesses and organizations displaced by the project to make sure they receive relocation services.

The agreement also lays out requirements for two specific affordable housing projects managed by the Houston Housing Authority that will be demolished: Clayton Homes and Kelly Village. TxDOT has already acquired all unoccupied Clayton Homes units, and the agreement gives the agency permission to move forward with the relocation of the community's remaining residents.

In addition to relocation compensation, TxDOT is also required to provide $30 million to support affordable housing initiatives in neighborhoods most affected by the NHHIP, up from $27 million in a previous agreement. TxDOT will coordinate with the HHA on creating a process for how the public can weigh in on how those funds should be used.

With regard to multimodal transportation opportunities, the agreement requires TxDOT to provide resources to help third parties develop a map of potential new trail links within the project boundaries. It also requires TxDOT to:

reconnect Andrew Street over proposed downtown connectors in the Fourth Ward on the west side of downtown as a pedestrian-/bike-only crossing;
maintain the Cleburne Street connection across I-69 in the Third Ward;
evaluate potential alternative pedestrian/bike routes to address the loss of the North Street bridge over I-45 between the Greater Heights and Northside communities; and
fund, design and construct a pedestrian/bike realm on all local streets that cross over or under the NHHIP.

Community reactions

Officials with Stop TxDOT I-45 —a grassroots group that is part of a larger coalition fighting against the current iteration of the project alongside other groups such as LINK Houston and Air Alliance Houston —said the new agreement is still harmful to the Houston communities in the project's pathway.

Stop TxDOT I-45 has been critical of how the state agency has carried out the NHHIP up to this point, including what they said is the use of misleading traffic models to justify the project; the use of online-only surveys that did not adequately reach affected communities and provided an artificially limited list of choices for how to proceed; and trying to move forward with a demolition of an affordable housing project while the federal investigation was still ongoing.

Stop TxDOT I-45 officials have emphasized they are not opposed to improving I-45 but think it should be done in a way that better takes affected communities into account and moves away from highway expansion and toward more equitable solutions. In a March 7 statement, officials expressed concerns about the extent to which the FHWA would enforce the terms of the new voluntary agreement.

“We will continue to support the minimal community engagement efforts required by this voluntary agreement, but community engagement without enforced follow-through is effectively meaningless,” Stop TxDOT I-45 officials said in a statement. “Houston deserves a project that prioritizes safety, centers the lived experience of those most impacted by the project, actually relieves traffic, and moves us toward a more equitable future.”

TxDOT also faced opposition from elected officials in Houston and Harris County, including a 2021 lawsuit from Harris County that alleged TxDOT failed to consider the full environmental impact of the project. However, city and county officials reached a memorandum of understanding with TxDOT in December, and the lawsuit was dropped.

In a March 7 statement, Houston Mayor Sylvester Turner said the new voluntary agreement reinforces the city's memorandum. The city is prepared to work with TxDOT on restarting the community engagement process, he said, with the goal of executing a project that addresses flooding issues, improves air quality and helps reconnect parts of downtown by rerouting where I-45 runs.

“After years of negotiations, the North Houston Highway Improvement Project can now be the project Houston deserves it to be,” Turner said.

Harris County Precinct 2 Commissioner Adrian Garcia, a former critic of the project, also came out in support of the March 7 agreement, which he said requires TxDOT to put additional money into housing, parks and trails.

“Thanks to the support of FHWA, we have a better and safer I-45 project, which is almost entirely in Precinct 2, which means thousands of good jobs and brings billions of our taxpayer dollars back home,” Garcia said in a statement. “It allows Harris County to continue to fuel the Texas and national economy.”",Neutral
"The project is a cornerstone of expansion plans for bus rapid transit in the Houston area. As the region’s core becomes more dense with homes and offices, officials believe large buses shuttling between set stops are expected to connect core commuting areas to park and ride hubs, making transit more convenient for suburban and inner-loop residents simultaneously.

Progress on the next BRT line, however, comes as the Silver Line — Houston’s first foray into big rapid buses — limps along with an average of fewer than 700 passengers on weekdays this year. The line, hampered by a lack of office workers in Uptown and reduced park and ride service to the Galleria area due to the pandemic, was built to serve thousands of daily riders. While use of the Silver Line last month was up 5 percent compared to February 2021, local bus use around the area was up 26 percent over the same period.

The preferred I-10 route plan also details how Metro plans to use its existing stations and lanes along Capitol and Rusk so those platforms can pull double-duty while closing them to other vehicles. Left unresolved is how buses will make the move from I-10 to downtown streets, which will depend on the final plans for a massive rebuild of the central city freeway system and Interstate 45.

Final design and federal approvals could adjust the busway route slightly, but the preferred alternative chosen by Metro is the likeliest path and guides the line’s development toward construction. The preference distances Metro from a proposal to combine the busway with a long-range plan to add high-occupancy or managed lanes to I-10 by the Texas Department of Transportation. Metro officials said the added lanes, or building in preparation for them, would be cost-prohibitive and slow construction.

Work on the busway is scheduled to start late next year, though many studies and approvals are needed between now and then.

“This is a big step for the agency,” Metro board Chairman Sanjay Ramabhadran said. “We want to absolutely keep our schedule.”

If the schedule holds, service would start in 2027, officials said, and cost between $404 million if the I-45 rebuild does not absorb the current HOT ramp into downtown and up to $718 million if it does and Metro must build another way in.

The busway, a two-lane elevated road right next to the freeway, would allow buses to move from the Northwest Transit Center near Loop 610 and I-10 to the central business district without being stuck in traffic.

“It finally opens up connectivity between Uptown and downtown,” Metro board member Jim Robinson said, citing a long-sought mass transit priority for officials.

Crucially, the project also links more neighborhoods and amenities to rapid service, along I-10 where officials plan stations at Studemont, Shepherd-Durham and Memorial Park. The Studemont and Shepherd-Durham stations are spaced to draw riders in the Heights and Washington corridors, said Amma Cobbinah, a Metro senior transit planner overseeing the project. Those cross-streets also have frequent bus service, Cobbinah said.

The two stations were preferred over other possible locations, such as T C Jester, Heights-Yale and Houston Avenue, because they were better spaced and more accessible for riders, according to an earlier analysis that also found too many stops would delay trips and make the route less useful for riders.

A Memorial Park stop, however, made the cut, after feedback showed it would help both the park and route. Planned for the park’s northeast corner near where Washington Avenue crosses I-10, the stop would reduce the need for parking in the park — which has become a priority as use swelled during the pandemic — but also connect a third major bus route.

Waiting at 12th and Hempstead Highway on Monday afternoon, less than two miles away from the proposed Memorial Park station, Sam Clarkson, 33, said he welcomed anything that made the hour-long journey between his Timbergrove-area morning job and his Eado evening one faster.

“We’ve built up everything as if everybody owns a car, but they don’t,” Clarkson said.

The challenge for Metro is overlaying that transit system over a crowded freeway and street grid. Residents along I-10 have worried the elevated busway, which will go over streets that span the depressed freeway, could tower over nearby townhomes.

The busway will straddle the eastbound frontage road, transit officials said, giving them options with landscaping and public art to make it more appealing.

“There is an opportunity to make it pleasing, as much as possible,” said Shri Reddy, executive vice-president of planning, engineering, and construction at Metro.

Disruption through downtown, meanwhile, would be minimal but come with a significant change for Capitol and Rusk. Since 2015 when the Green Line and Purple Line light rail opened, trains and cars have shared one lane on each of the streets. The sharing, however, has been a challenge, often as turning cars wait for pedestrians and hold up trains and traffic, which then block intersections and lock the downtown street grid.

With the addition of the rapid buses, Metro and city officials would convert the lanes to transit use only. Those with parking garage access and deliveries would have access across the lanes, but most traffic would be removed and the lanes made exclusively for buses and trains.

Two new stations, meanwhile, would be built on the eastern and western ends of the central business district. A stop would be built on St. Emmuel in Eado where buses will turn from Rusk traveling eastbound and head back westbound along Capitol.

Buses going both directions also would stop at Franklin and Bagby, near the POST Houston development of the old Barbara Jordan Post Office and the downtown aquarium.

Exactly how they would arrive in downtown along Bagby, however, remains unclear as Metro moves forward. Current plans for the I-45 rebuild — a massive $9-billion-plus plan that remakes all the downtown freeway system — remove the direct connector buses use to avoid the I-10 and I-45 interchange.

If Metro loses that link to the rebuild, it would have to build its own busway directly into the central business district. Plans for that, also up for approval Thursday as part of the preferred route, would keep the busway on the south side of the freeway and follow the bend in I-10 through Sixth Ward.

Officials are hopeful they can avoid losing the current ramp, continuing discussions with the Texas Department of Transportation.

“We have been in close coordination with them,” Cobbinah said, noting in the next few months, “we will get a clearer picture of they are trying to do.”",Neutral
"Citing issues of poverty and crime in some neighborhoods broken apart 50 years ago by I-45, community activist and urban planner Abdul Muhammad said the solution is not saying no to the rebuild but yes to being a part of it, offering hope to those underemployed or incarcerated.

“Take them and take a gun out of their hand and put a welding torch in their hand,” Muhammad told the Texas Transportation Commission, referring to local men in the Harris County Jail. “We’d like to lay rebar instead of laying our children to rest, and we would like to pour concrete instead of pouring dirt on our children’s coffins.”

He was one of more than a dozen speakers who traveled to Austin hoping to preserve what some consider the most important freeway rebuild in Houston in more than a decade.

“This is a transformative project, and it must go on,” said Belinda Everette, chairwoman of the housing committee for the Houston chapter of the National Association for the Advancement of Colored People. “If nothing else, to show the rest of America what Texas can do.”

Fifteen years in the planning, the project to rebuild I-45 around the central business district and north to Beltway 8 near George Bush Intercontinental Airport is estimated to cost $9 billion but can start construction only if the Texas Department of Transportation keeps its money on the project. Members of the Texas Transportation Commission, who oversee TxDOT’s spending, are considering removing all phases of the project from the state’s 10-year plan, essentially shelving it until Houston-area leaders and highway planners can come to agreement.

As part of the decision-making process, commissioners will hold a public comment session Monday and accept input via mail, phone, email and online forms until Aug. 9. The commission is scheduled at its Aug. 31 meeting to decide whether to remove the project from the annually updated 10-year plan. If removed, the rebuild would need to be reinserted into the plan, allowing TxDOT to redirect the money to other highway expansions or rebuilds in the meantime. Most of the money would have to remain in TxDOT’s Houston region that covers Brazoria, Fort Bend, Galveston, Harris, Montgomery and Waller counties.

Officials in various parts of the region and residents along the corridor are divided over whether TxDOT’s plans to add two managed lanes, modernize parts of the freeway and add frontage roads does enough to protect adjoining homes and businesses and puts the region on a path to fewer vehicle trips or better equips the region to handle additional travel demands.

Harris County filed a lawsuit in March challenging the state’s self-approval of its environmental analyses. That same month, the Federal Highway Administration asked TxDOT to pause work on the rebuild while federal officials reviewed the state’s compliance with civil rights laws, after concerns raised by Rep. Sheila Jackson Lee, Air Alliance Houston and others.

State Transportation Commission Chairman Bruce Bugg said he continues to speak with local officials — mentioning Houston Mayor Sylvester Turner specifically — and has reached out to Transportation Secretary Pete Buttigieg.

“Unfortunately, I have not heard any response,” Bugg said.

Critics said the pause gives officials ample time to rethink the design but that a last-ditch online survey with a yes-or-no vote is not a way to come to agreement.

“Honestly, we are on the same team and we want the same things for all of the communities,” said Molly Cook, an organizer of the Stop TxDOT I-45 group opposed to the project. “We want economic development, we want to reduce flooding, we want safety, people to be able to move through the region freely. This is not the answer.”

Cook was one of two speakers Thursday among about a dozen opposed to the project. Transportation officials limited public comment to one hour as part of their meeting.

A larger turnout of opponents is expected for the full public hearing Monday. Stop TxDOT I-45 has continued walking door to door in affected communities where hundreds of homes and businesses could be impacted, as community business groups mounted an aggressive online campaign in support of TxDOT.

“You can find a way to connect this project with something someone cares about,” said Ben Peters, a Stop I-45 volunteer, as he walked in Fifth Ward on Saturday.

Opponents, Mayor Turner and Harris County Judge Lina Hidalgo have said that rather than widen the freeway, more of it should be converted to accelerate Metropolitan Transit Authority buses, replacing two managed lanes with, perhaps, a transit-only lane and dedicated stations along the freeway.

TxDOT, while incorporating some changes from more than 300 public meetings over the past decade, has not wavered from the managed lanes plan, saying some of the suggested changes are too significant and would set the design process back years. Regional officials repeatedly approved those designs, TxDOT leadership noted.

“I-45 is established as one of the most pressing candidates in our region for TxDOT to make improvements to address safety, traffic delays and potential emergency evacuations,” said Craig Raborn, director of transportation services for the Houston-Galveston Area Council, which doles out some federal transportation money in the region.

H-GACs Transportation Policy Council supports the project but has encouraged critics and TxDOT to keep addressing differences. The policy council’s chairman, Galveston County Commissioner Ken Clark, urged his county leadership this week to write a letter in support of the project.

Though unsuccessful in stopping the Harris County litigation, Precinct 4 Commissioner Jack Cagle said many in metropolitan Houston want TxDOT to proceed. Cooperation among state and local officials, he said, is what has allowed the area to keep growing economically and culturally.

“We should work with our partners and not sue our partners,” Cagle said, noting his and Precinct 3 Commissioner Tom Ramsey’s opposition to the county lawsuit. “I do not represent my county, but on my part I apologize for my county.”

Ultimately, Muhammad said, the aim should be to keep the I-45 project on pace and the funding committed while also supporting the types of transit projects many in the region expect and addressing the problems critics rightly complain about.

“We have kicked the flooding infrastructure can down the road,” he said. “The multimodal transportation, affordable housing, refinery air quality down the road … Metro has been the political piñata in Harris County. ... We have not funded them and given them the proper support.”",Neutral
"Opponents of some of Texas’ largest transportation projects are unifying their messaging, pushing state highway officials to think differently about metro regions, where road widening can claim hundreds of homes and businesses, and urging them to consider alternatives to automobiles rather than adding more lanes.

“If the definition of insanity is doing the same thing over and over, expecting a different result, then the Texas transportation system is insane,” said Robert Storch, an El Paso resident opposed to a plan to widen Interstate 10 in the city.

Led by organizers from Houston with the Stop TxDOT I-45 effort, protesters from most of the state’s biggest cities descended last week on the Texas Department of Transportation’s Austin headquarters, where officials approved a 10-year $85 billion plan for state road projects. The aim, organizers said, was to send a Texas-wide message to a statewide agency by focusing on the root issue of freeway design in urban areas.

“People in communities should have the right to decide what mobility means for them,” said Ann Zadeh, executive director of Community Design Fort Worth and a former City Council member and mayoral candidate.

In many Texas metros, Zadeh said, the focus needs to shift from traffic flow to “mending the divisions” those freeways caused, especially in low-income and minority neighborhoods.

That case can be better made if it comes from numerous sources, said El Paso County Commissioner David Stout, an opponent of the state’s plans to widen I-10 through the downtown of the West Texas gateway city.

“I think it is important to come together because we are talking about the same agency and the same issues,” Stout said.

Among the projects drawing alarm:

Houston’s $9.7 billion-plus project to widen I-45 from downtown Houston north to Beltway 8, which will add two managed lanes in each direction and rebuild the downtown freeway system and the obsolete interchange with Loop 610.
Austin’s $4.9 billion rebuild of I-35 through the heart of the capital, which would replace the clogged two-tier freeway with a single buried road that adds two carpool lanes in each direction. Opponents have said this will divide the city further.
El Paso’s planned widening of I-10 through the downtown area, which would build on overall widening of the freeway to the New Mexico border meant to facilitate border trade and ease traffic.
Dallas’ proposed I-345 redesign to bury the freeway between downtown and Deep Ellum, which opponents have called unnecessary. They have advocated for removing the freeway entirely.

TROUBLESOME TREND: Steep rise in roadway deaths in Texas and U.S. shows no signs of slowing in 2022

Each of the projects is aimed at addressing growing traffic congestion, enjoys political support from the regional planning officials in the major metro areas, and has years of TxDOT-driven study to justify its design.

But opponents argue that they also are based on doing things largely the way TxDOT always has done them in metro regions that are becoming more urban. They also say those regions’ residents and some leaders are clamoring more for housing closer to jobs, maintained sidewalks and frequent transit instead of ever-expanding freeways.

“What could we do positively in our communities with $10 billion,” I-45 critic Walter Mallet told the Texas Transportation Commission on Tuesday.

Repeatedly, through more than two hours of public comment in front of the transportation commission, critics said TxDOT is dedicating too much time and money preparing for the future with the same types of projects it built in the past.

“To me, it seems like you want to pour concrete and use our tax dollars,” said Kelsey Huse, a member of the ReThink 35 group, which is arguing against widening I-35 in Austin.

Some said the state needs to think more creatively.

“You can be bold, you can be innovative, you can be pioneers,” said Houston critic Pervez Agwan, who argued for a more localized approach that would reduce the freeway to reconnect the Northside and Fifth Ward communities.

Just as congestion frustrates drivers, TxDOT’s plans for addressing it at the behest of local politicians and business groups increasingly anger opponents such as Agwan.

“Tell me why a bunch of rich, old white men and developers have a say in the Houston I am going to inherit,” he told transportation commissioners.

Highway officials, and those seeking to widen freeways to encourage development and accommodate drivers, counter that their plans fulfill exactly what voters have said they want.

Both Proposition 1, passed in 2014, and Proposition 7, passed the next year, tasked state officials with using the $3 billion-plus in taxpayer money directed to TxDOT to ease congestion by improving roads and avoiding new taxes and tolls. That funding, along with the increase in federal monies related to the infrastructure bill approved by Congress last year, has led to a record level of road construction spending. In the last two months, officials have approved $2.8 billion worth of widening and maintenance projects, with more expected over the next 10 years, according to financial projections.

“The day I became chairman, I said, ‘I’ve got a very simple message, and that is ‘execute, execute, execute,’” Transportation Commission Chairman Bruce Bugg said.

Bugg has led the four-person commission since 2017. The commission is supposed to have a fifth member but has lacked the remaining appointee since 2018.

More work and more lanes, meanwhile, are welcomed by some stakeholders, many of whom credit TxDOT for historic levels of design and community input. In the case of the Houston, Austin and El Paso projects, area highway officials spent years developing the projects and redesigning them to reflect some but not all of the community comments.

In Houston, although doubters worry the benefits are overstated, new drainage and updated connections to Little White Oak Bayou could solve some persistent flooding problems.

“I think it is a great project,” said Quincy Allen, a 30-year veteran of Houston’s TxDOT district who recently retired as statewide director of district operations. “The drainage improvements, the safety improvements are just awesome.”

Other improvements also will come with the freeway projects and reflect changing urban conditions, including a 5-mile bike loop of downtown Houston by eliminating where I-45 cuts across the central business district.

“This big idea is the singular opportunity afforded only by rebuilding the three highways,” said Lonnie Hoggeboom, director of planning and design for Central Houston, which acts as the downtown management district.",Neutral